Workbook

Sheet List
A1: 2024 lu | B1: 2025 lu | C1: Criteria LU | D1: Region LU | E1: Racecourse LU | F1: Overview LU | G1: Date | H1: Weekday | I1: Course | J1: Time | K1: CourseGroup | L1: Region | M1: Code | N1: Surface | O1: Type | P1: pn | Q1: pr | R1: adj_fId | S1: rn | T1: x | U1: Clash | V1: region | W1: Year
A2: =IF(YEAR(G2)=2024,#REF!,"") | B2: =IF(YEAR(G2)=2025,#REF!,"") | C2: =J2&G2 -> Afternoon44927 | D2: =IF('by region'!$C$2="Any","Any",List!V2)&M2&IF('by region'!$I$2="Any","Any",N2)&G2 -> AnyFlatAny44927 | E2: =IF(I2=#REF!,List!G2,"") -> #REF! | F2: =G2&S2 -> #REF! | G2: 44927 | H2: Sunday | I2: Southwell | J2: Afternoon | K2: ARC | L2: Midlands | M2: Flat | N2: AWT | O2: Racecourse/Normal | P2: =IF(J2="Afternoon",1,IF(J2="Evening",2,IF(J2="Floodlit",3,4))) -> 1 | Q2: {=SUMPRODUCT(($G$2:$G$3094=G2)*(P2>$P$2:$P$3094))+1} -> 1 | R2: =(Q2*100000)+#REF! -> #REF! | S2: {=SUMPRODUCT(($G$2:$G$3094=G2)*(R2>$R$2:$R$3094))+1} -> #REF! | T2: =_xlfn.CONCAT(IF(M2="Flat",UPPER(I2),I2)," ",IF(J2="Evening","†",IF(J2="Floodlit","#",""))) -> SOUTHWELL | U2: 0 | V2: North | W2: =YEAR(G2) -> 2023
A3: =IF(YEAR(G3)=2024,#REF!,"") | B3: =IF(YEAR(G3)=2025,#REF!,"") | C3: =J3&G3 -> Afternoon44927 | D3: =IF('by region'!$C$2="Any","Any",List!V3)&M3&IF('by region'!$I$2="Any","Any",N3)&G3 -> AnyJumpAny44927 | E3: =IF(I3=#REF!,List!G3,"") -> #REF! | F3: =G3&S3 -> #REF! | G3: 44927 | H3: Sunday | I3: Catterick Bridge | J3: Afternoon | K3: Independent | L3: North | M3: Jump | N3: Turf | O3: Racecourse/Normal | P3: =IF(J3="Afternoon",1,IF(J3="Evening",2,IF(J3="Floodlit",3,4))) -> 1 | Q3: {=SUMPRODUCT(($G$2:$G$3094=G3)*(P3>$P$2:$P$3094))+1} -> 1 | R3: =(Q3*100000)+#REF! -> #REF! | S3: {=SUMPRODUCT(($G$2:$G$3094=G3)*(R3>$R$2:$R$3094))+1} -> #REF! | T3: =_xlfn.CONCAT(IF(M3="Flat",UPPER(I3),I3)," ",IF(J3="Evening","†",IF(J3="Floodlit","#",""))) -> Catterick Bridge | U3: 0 | V3: NULL | W3: =YEAR(G3) -> 2023
A4: =IF(YEAR(G4)=2024,#REF!,"") | B4: =IF(YEAR(G4)=2025,#REF!,"") | C4: =J4&G4 -> Afternoon44927 | D4: =IF('by region'!$C$2="Any","Any",List!V4)&M4&IF('by region'!$I$2="Any","Any",N4)&G4 -> AnyJumpAny44927 | E4: =IF(I4=#REF!,List!G4,"") -> #REF! | F4: =G4&S4 -> #REF! | G4: 44927 | H4: Sunday | I4: Cheltenham | J4: Afternoon | K4: JCR | L4: Midlands | M4: Jump | N4: Turf | O4: Racecourse/Normal | P4: =IF(J4="Afternoon",1,IF(J4="Evening",2,IF(J4="Floodlit",3,4))) -> 1 | Q4: {=SUMPRODUCT(($G$2:$G$3094=G4)*(P4>$P$2:$P$3094))+1} -> 1 | R4: =(Q4*100000)+#REF! -> #REF! | S4: {=SUMPRODUCT(($G$2:$G$3094=G4)*(R4>$R$2:$R$3094))+1} -> #REF! | T4: =_xlfn.CONCAT(IF(M4="Flat",UPPER(I4),I4)," ",IF(J4="Evening","†",IF(J4="Floodlit","#",""))) -> Cheltenham | U4: 0 | V4: NULL | W4: =YEAR(G4) -> 2023
A5: =IF(YEAR(G5)=2024,#REF!,"") | B5: =IF(YEAR(G5)=2025,#REF!,"") | C5: =J5&G5 -> Afternoon44927 | D5: =IF('by region'!$C$2="Any","Any",List!V5)&M5&IF('by region'!$I$2="Any","Any",N5)&G5 -> AnyJumpAny44927 | E5: =IF(I5=#REF!,List!G5,"") -> #REF! | F5: =G5&S5 -> #REF! | G5: 44927 | H5: Sunday | I5: Exeter | J5: Afternoon | K5: JCR | L5: South | M5: Jump | N5: Turf | O5: Racecourse/Normal | P5: =IF(J5="Afternoon",1,IF(J5="Evening",2,IF(J5="Floodlit",3,4))) -> 1 | Q5: {=SUMPRODUCT(($G$2:$G$3094=G5)*(P5>$P$2:$P$3094))+1} -> 1 | R5: =(Q5*100000)+#REF! -> #REF! | S5: {=SUMPRODUCT(($G$2:$G$3094=G5)*(R5>$R$2:$R$3094))+1} -> #REF! | T5: =_xlfn.CONCAT(IF(M5="Flat",UPPER(I5),I5)," ",IF(J5="Evening","†",IF(J5="Floodlit","#",""))) -> Exeter | U5: 0 | V5: NULL | W5: =YEAR(G5) -> 2023
A6: =IF(YEAR(G6)=2024,#REF!,"") | B6: =IF(YEAR(G6)=2025,#REF!,"") | C6: =J6&G6 -> Afternoon44927 | D6: =IF('by region'!$C$2="Any","Any",List!V6)&M6&IF('by region'!$I$2="Any","Any",N6)&G6 -> AnyJumpAny44927 | E6: =IF(I6=#REF!,List!G6,"") -> #REF! | F6: =G6&S6 -> #REF! | G6: 44927 | H6: Sunday | I6: Fakenham | J6: Afternoon | K6: Independent | L6: Midlands | M6: Jump | N6: Turf | O6: National/BHA | P6: =IF(J6="Afternoon",1,IF(J6="Evening",2,IF(J6="Floodlit",3,4))) -> 1 | Q6: {=SUMPRODUCT(($G$2:$G$3094=G6)*(P6>$P$2:$P$3094))+1} -> 1 | R6: =(Q6*100000)+#REF! -> #REF! | S6: {=SUMPRODUCT(($G$2:$G$3094=G6)*(R6>$R$2:$R$3094))+1} -> #REF! | T6: =_xlfn.CONCAT(IF(M6="Flat",UPPER(I6),I6)," ",IF(J6="Evening","†",IF(J6="Floodlit","#",""))) -> Fakenham | U6: 0 | V6: NULL | W6: =YEAR(G6) -> 2023
A7: =IF(YEAR(G7)=2024,#REF!,"") | B7: =IF(YEAR(G7)=2025,#REF!,"") | C7: =J7&G7 -> Afternoon44927 | D7: =IF('by region'!$C$2="Any","Any",List!V7)&M7&IF('by region'!$I$2="Any","Any",N7)&G7 -> AnyJumpAny44927 | E7: =IF(I7=#REF!,List!G7,"") -> #REF! | F7: =G7&S7 -> #REF! | G7: 44927 | H7: Sunday | I7: Musselburgh | J7: Afternoon | K7: Independent | L7: North | M7: Jump | N7: Turf | O7: National/BHA | P7: =IF(J7="Afternoon",1,IF(J7="Evening",2,IF(J7="Floodlit",3,4))) -> 1 | Q7: {=SUMPRODUCT(($G$2:$G$3094=G7)*(P7>$P$2:$P$3094))+1} -> 1 | R7: =(Q7*100000)+#REF! -> #REF! | S7: {=SUMPRODUCT(($G$2:$G$3094=G7)*(R7>$R$2:$R$3094))+1} -> #REF! | T7: =_xlfn.CONCAT(IF(M7="Flat",UPPER(I7),I7)," ",IF(J7="Evening","†",IF(J7="Floodlit","#",""))) -> Musselburgh | U7: 0 | V7: NULL | W7: =YEAR(G7) -> 2023
A8: =IF(YEAR(G8)=2024,#REF!,"") | B8: =IF(YEAR(G8)=2025,#REF!,"") | C8: =J8&G8 -> Afternoon44928 | D8: =IF('by region'!$C$2="Any","Any",List!V8)&M8&IF('by region'!$I$2="Any","Any",N8)&G8 -> AnyFlatAny44928 | E8: =IF(I8=#REF!,List!G8,"") -> #REF! | F8: =G8&S8 -> #REF! | G8: 44928 | H8: Monday | I8: Lingfield Park | J8: Afternoon | K8: ARC | L8: South | M8: Flat | N8: AWT | O8: National/BHA | P8: =IF(J8="Afternoon",1,IF(J8="Evening",2,IF(J8="Floodlit",3,4))) -> 1 | Q8: {=SUMPRODUCT(($G$2:$G$3094=G8)*(P8>$P$2:$P$3094))+1} -> 1 | R8: =(Q8*100000)+#REF! -> #REF! | S8: {=SUMPRODUCT(($G$2:$G$3094=G8)*(R8>$R$2:$R$3094))+1} -> #REF! | T8: =_xlfn.CONCAT(IF(M8="Flat",UPPER(I8),I8)," ",IF(J8="Evening","†",IF(J8="Floodlit","#",""))) -> LINGFIELD PARK | U8: 0 | V8: NULL | W8: =YEAR(G8) -> 2023
A9: =IF(YEAR(G9)=2024,#REF!,"") | B9: =IF(YEAR(G9)=2025,#REF!,"") | C9: =J9&G9 -> Floodlit44928 | D9: =IF('by region'!$C$2="Any","Any",List!V9)&M9&IF('by region'!$I$2="Any","Any",N9)&G9 -> AnyFlatAny44928 | E9: =IF(I9=#REF!,List!G9,"") -> #REF! | F9: =G9&S9 -> #REF! | G9: 44928 | H9: Monday | I9: Newcastle | J9: Floodlit | K9: ARC | L9: North | M9: Flat | N9: AWT | O9: Racecourse/Normal | P9: =IF(J9="Afternoon",1,IF(J9="Evening",2,IF(J9="Floodlit",3,4))) -> 3 | Q9: {=SUMPRODUCT(($G$2:$G$3094=G9)*(P9>$P$2:$P$3094))+1} -> 4 | R9: =(Q9*100000)+#REF! -> #REF! | S9: {=SUMPRODUCT(($G$2:$G$3094=G9)*(R9>$R$2:$R$3094))+1} -> #REF! | T9: =_xlfn.CONCAT(IF(M9="Flat",UPPER(I9),I9)," ",IF(J9="Evening","†",IF(J9="Floodlit","#",""))) -> NEWCASTLE # | U9: 0 | V9: NULL | W9: =YEAR(G9) -> 2023
A10: =IF(YEAR(G10)=2024,#REF!,"") | B10: =IF(YEAR(G10)=2025,#REF!,"") | C10: =J10&G10 -> Afternoon44928 | D10: =IF('by region'!$C$2="Any","Any",List!V10)&M10&IF('by region'!$I$2="Any","Any",N10)&G10 -> AnyJumpAny44928 | E10: =IF(I10=#REF!,List!G10,"") -> #REF! | F10: =G10&S10 -> #REF! | G10: 44928 | H10: Monday | I10: Ayr | J10: Afternoon | K10: Independent | L10: North | M10: Jump | N10: Turf | O10: Racecourse/Normal | P10: =IF(J10="Afternoon",1,IF(J10="Evening",2,IF(J10="Floodlit",3,4))) -> 1 | Q10: {=SUMPRODUCT(($G$2:$G$3094=G10)*(P10>$P$2:$P$3094))+1} -> 1 | R10: =(Q10*100000)+#REF! -> #REF! | S10: {=SUMPRODUCT(($G$2:$G$3094=G10)*(R10>$R$2:$R$3094))+1} -> #REF! | T10: =_xlfn.CONCAT(IF(M10="Flat",UPPER(I10),I10)," ",IF(J10="Evening","†",IF(J10="Floodlit","#",""))) -> Ayr | U10: 0 | V10: NULL | W10: =YEAR(G10) -> 2023
A11: =IF(YEAR(G11)=2024,#REF!,"") | B11: =IF(YEAR(G11)=2025,#REF!,"") | C11: =J11&G11 -> Afternoon44928 | D11: =IF('by region'!$C$2="Any","Any",List!V11)&M11&IF('by region'!$I$2="Any","Any",N11)&G11 -> AnyJumpAny44928 | E11: =IF(I11=#REF!,List!G11,"") -> #REF! | F11: =G11&S11 -> #REF! | G11: 44928 | H11: Monday | I11: Plumpton | J11: Afternoon | K11: Independent | L11: South | M11: Jump | N11: Turf | O11: Racecourse/Normal | P11: =IF(J11="Afternoon",1,IF(J11="Evening",2,IF(J11="Floodlit",3,4))) -> 1 | Q11: {=SUMPRODUCT(($G$2:$G$3094=G11)*(P11>$P$2:$P$3094))+1} -> 1 | R11: =(Q11*100000)+#REF! -> #REF! | S11: {=SUMPRODUCT(($G$2:$G$3094=G11)*(R11>$R$2:$R$3094))+1} -> #REF! | T11: =_xlfn.CONCAT(IF(M11="Flat",UPPER(I11),I11)," ",IF(J11="Evening","†",IF(J11="Floodlit","#",""))) -> Plumpton | U11: 0 | V11: NULL | W11: =YEAR(G11) -> 2023
A12: =IF(YEAR(G12)=2024,#REF!,"") | B12: =IF(YEAR(G12)=2025,#REF!,"") | C12: =J12&G12 -> Afternoon44929 | D12: =IF('by region'!$C$2="Any","Any",List!V12)&M12&IF('by region'!$I$2="Any","Any",N12)&G12 -> AnyFlatAny44929 | E12: =IF(I12=#REF!,List!G12,"") -> #REF! | F12: =G12&S12 -> #REF! | G12: 44929 | H12: Tuesday | I12: Chelmsford City | J12: Afternoon | K12: Independent | L12: South | M12: Flat | N12: AWT | O12: National/BHA | P12: =IF(J12="Afternoon",1,IF(J12="Evening",2,IF(J12="Floodlit",3,4))) -> 1 | Q12: {=SUMPRODUCT(($G$2:$G$3094=G12)*(P12>$P$2:$P$3094))+1} -> 1 | R12: =(Q12*100000)+#REF! -> #REF! | S12: {=SUMPRODUCT(($G$2:$G$3094=G12)*(R12>$R$2:$R$3094))+1} -> #REF! | T12: =_xlfn.CONCAT(IF(M12="Flat",UPPER(I12),I12)," ",IF(J12="Evening","†",IF(J12="Floodlit","#",""))) -> CHELMSFORD CITY | U12: 0 | V12: NULL | W12: =YEAR(G12) -> 2023
A13: =IF(YEAR(G13)=2024,#REF!,"") | B13: =IF(YEAR(G13)=2025,#REF!,"") | C13: =J13&G13 -> Floodlit44929 | D13: =IF('by region'!$C$2="Any","Any",List!V13)&M13&IF('by region'!$I$2="Any","Any",N13)&G13 -> AnyFlatAny44929 | E13: =IF(I13=#REF!,List!G13,"") -> #REF! | F13: =G13&S13 -> #REF! | G13: 44929 | H13: Tuesday | I13: Wolverhampton | J13: Floodlit | K13: ARC | L13: Midlands | M13: Flat | N13: AWT | O13: National/BHA Floodlit | P13: =IF(J13="Afternoon",1,IF(J13="Evening",2,IF(J13="Floodlit",3,4))) -> 3 | Q13: {=SUMPRODUCT(($G$2:$G$3094=G13)*(P13>$P$2:$P$3094))+1} -> 3 | R13: =(Q13*100000)+#REF! -> #REF! | S13: {=SUMPRODUCT(($G$2:$G$3094=G13)*(R13>$R$2:$R$3094))+1} -> #REF! | T13: =_xlfn.CONCAT(IF(M13="Flat",UPPER(I13),I13)," ",IF(J13="Evening","†",IF(J13="Floodlit","#",""))) -> WOLVERHAMPTON # | U13: 0 | V13: South | W13: =YEAR(G13) -> 2023
... A348: =IF(YEAR(G348)=2024,#REF!,"") | B348: =IF(YEAR(G348)=2025,#REF!,"") | C348: =J348&G348 -> Afternoon45024 | D348: =IF('by region'!$C$2="Any","Any",List!V348)&M348&IF('by region'!$I$2="Any","Any",N348)&G348 -> AnyJumpAny45024 | E348: =IF(I348=#REF!,List!G348,"") -> #REF! | F348: =G348&S348 -> #REF! | G348: 45024 | H348: Saturday | I348: Newton Abbot | J348: Afternoon | K348: Independent | L348: South | M348: Jump | N348: Turf | O348: Racecourse/Normal | P348: =IF(J348="Afternoon",1,IF(J348="Evening",2,IF(J348="Floodlit",3,4))) -> 1 | Q348: {=SUMPRODUCT(($G$2:$G$3094=G348)*(P348>$P$2:$P$3094))+1} -> 1 | R348: =(Q348*100000)+#REF! -> #REF! | S348: {=SUMPRODUCT(($G$2:$G$3094=G348)*(R348>$R$2:$R$3094))+1} -> #REF! | T348: =_xlfn.CONCAT(IF(M348="Flat",UPPER(I348),I348)," ",IF(J348="Evening","†",IF(J348="Floodlit","#",""))) -> Newton Abbot | U348: 0 | V348: South | W348: =YEAR(G348) -> 2023
A349: =IF(YEAR(G349)=2024,#REF!,"") | B349: =IF(YEAR(G349)=2025,#REF!,"") | C349: =J349&G349 -> Afternoon45024 | D349: =IF('by region'!$C$2="Any","Any",List!V349)&M349&IF('by region'!$I$2="Any","Any",N349)&G349 -> AnyFlatAny45024 | F349: =G349&S349 -> #REF! | G349: 45024 | H349: Saturday | I349: Musselburgh | J349: Afternoon | K349: Independent | L349: North | M349: Flat | N349: Turf | O349: National/BHA | P349: =IF(J349="Afternoon",1,IF(J349="Evening",2,IF(J349="Floodlit",3,4))) -> 1 | Q349: {=SUMPRODUCT(($G$2:$G$3094=G349)*(P349>$P$2:$P$3094))+1} -> 1 | R349: =(Q349*100000)+#REF! -> #REF! | S349: {=SUMPRODUCT(($G$2:$G$3094=G349)*(R349>$R$2:$R$3094))+1} -> #REF! | T349: =_xlfn.CONCAT(IF(M349="Flat",UPPER(I349),I349)," ",IF(J349="Evening","†",IF(J349="Floodlit","#",""))) -> MUSSELBURGH | U349: 0 | V349: North | W349: =YEAR(G349) -> 2023
A350: =IF(YEAR(G350)=2024,#REF!,"") | B350: =IF(YEAR(G350)=2025,#REF!,"") | C350: =J350&G350 -> Afternoon45025 | D350: =IF('by region'!$C$2="Any","Any",List!V350)&M350&IF('by region'!$I$2="Any","Any",N350)&G350 -> AnyFlatAny45025 | E350: =IF(I350=#REF!,List!G350,"") -> #REF! | F350: =G350&S350 -> #REF! | G350: 45025 | H350: Sunday | I350: Southwell | J350: Afternoon | K350: ARC | L350: Midlands | M350: Flat | N350: AWT | O350: Racecourse/Normal | P350: =IF(J350="Afternoon",1,IF(J350="Evening",2,IF(J350="Floodlit",3,4))) -> 1 | Q350: {=SUMPRODUCT(($G$2:$G$3094=G350)*(P350>$P$2:$P$3094))+1} -> 1 | R350: =(Q350*100000)+#REF! -> #REF! | S350: {=SUMPRODUCT(($G$2:$G$3094=G350)*(R350>$R$2:$R$3094))+1} -> #REF! | T350: =_xlfn.CONCAT(IF(M350="Flat",UPPER(I350),I350)," ",IF(J350="Evening","†",IF(J350="Floodlit","#",""))) -> SOUTHWELL | U350: 0 | V350: North | W350: =YEAR(G350) -> 2023
A351: =IF(YEAR(G351)=2024,#REF!,"") | B351: =IF(YEAR(G351)=2025,#REF!,"") | C351: =J351&G351 -> Afternoon45025 | D351: =IF('by region'!$C$2="Any","Any",List!V351)&M351&IF('by region'!$I$2="Any","Any",N351)&G351 -> AnyJumpAny45025 | E351: =IF(I351=#REF!,List!G351,"") -> #REF! | F351: =G351&S351 -> #REF! | G351: 45025 | H351: Sunday | I351: Ffos Las | J351: Afternoon | K351: ARC | L351: South | M351: Jump | N351: Turf | O351: Racecourse/Normal | P351: =IF(J351="Afternoon",1,IF(J351="Evening",2,IF(J351="Floodlit",3,4))) -> 1 | Q351: {=SUMPRODUCT(($G$2:$G$3094=G351)*(P351>$P$2:$P$3094))+1} -> 1 | R351: =(Q351*100000)+#REF! -> #REF! | S351: {=SUMPRODUCT(($G$2:$G$3094=G351)*(R351>$R$2:$R$3094))+1} -> #REF! | T351: =_xlfn.CONCAT(IF(M351="Flat",UPPER(I351),I351)," ",IF(J351="Evening","†",IF(J351="Floodlit","#",""))) -> Ffos Las | U351: 0 | V351: Midlands | W351: =YEAR(G351) -> 2023
A352: =IF(YEAR(G352)=2024,#REF!,"") | B352: =IF(YEAR(G352)=2025,#REF!,"") | C352: =J352&G352 -> Afternoon45025 | D352: =IF('by region'!$C$2="Any","Any",List!V352)&M352&IF('by region'!$I$2="Any","Any",N352)&G352 -> AnyJumpAny45025 | E352: =IF(I352=#REF!,List!G352,"") -> #REF! | F352: =G352&S352 -> #REF! | G352: 45025 | H352: Sunday | I352: Market Rasen | J352: Afternoon | K352: JCR | L352: Midlands | M352: Jump | N352: Turf | O352: Racecourse/Normal | P352: =IF(J352="Afternoon",1,IF(J352="Evening",2,IF(J352="Floodlit",3,4))) -> 1 | Q352: {=SUMPRODUCT(($G$2:$G$3094=G352)*(P352>$P$2:$P$3094))+1} -> 1 | R352: =(Q352*100000)+#REF! -> #REF! | S352: {=SUMPRODUCT(($G$2:$G$3094=G352)*(R352>$R$2:$R$3094))+1} -> #REF! | T352: =_xlfn.CONCAT(IF(M352="Flat",UPPER(I352),I352)," ",IF(J352="Evening","†",IF(J352="Floodlit","#",""))) -> Market Rasen | U352: 0 | V352: South | W352: =YEAR(G352) -> 2023
A353: =IF(YEAR(G353)=2024,#REF!,"") | B353: =IF(YEAR(G353)=2025,#REF!,"") | C353: =J353&G353 -> Afternoon45025 | D353: =IF('by region'!$C$2="Any","Any",List!V353)&M353&IF('by region'!$I$2="Any","Any",N353)&G353 -> AnyJumpAny45025 | E353: =IF(I353=#REF!,List!G353,"") -> #REF! | F353: =G353&S353 -> #REF! | G353: 45025 | H353: Sunday | I353: Plumpton | J353: Afternoon | K353: Independent | L353: South | M353: Jump | N353: Turf | O353: Racecourse/Normal | P353: =IF(J353="Afternoon",1,IF(J353="Evening",2,IF(J353="Floodlit",3,4))) -> 1 | Q353: {=SUMPRODUCT(($G$2:$G$3094=G353)*(P353>$P$2:$P$3094))+1} -> 1 | R353: =(Q353*100000)+#REF! -> #REF! | S353: {=SUMPRODUCT(($G$2:$G$3094=G353)*(R353>$R$2:$R$3094))+1} -> #REF! | T353: =_xlfn.CONCAT(IF(M353="Flat",UPPER(I353),I353)," ",IF(J353="Evening","†",IF(J353="Floodlit","#",""))) -> Plumpton | U353: 0 | V353: North | W353: =YEAR(G353) -> 2023
A354: =IF(YEAR(G354)=2024,#REF!,"") | B354: =IF(YEAR(G354)=2025,#REF!,"") | C354: =J354&G354 -> Afternoon45026 | D354: =IF('by region'!$C$2="Any","Any",List!V354)&M354&IF('by region'!$I$2="Any","Any",N354)&G354 -> AnyFlatAny45026 | E354: =IF(I354=#REF!,List!G354,"") -> #REF! | F354: =G354&S354 -> #REF! | G354: 45026 | H354: Monday | I354: Wolverhampton | J354: Afternoon | K354: ARC | L354: Midlands | M354: Flat | N354: AWT | O354: Racecourse/Normal | P354: =IF(J354="Afternoon",1,IF(J354="Evening",2,IF(J354="Floodlit",3,4))) -> 1 | Q354: {=SUMPRODUCT(($G$2:$G$3094=G354)*(P354>$P$2:$P$3094))+1} -> 1 | R354: =(Q354*100000)+#REF! -> #REF! | S354: {=SUMPRODUCT(($G$2:$G$3094=G354)*(R354>$R$2:$R$3094))+1} -> #REF! | T354: =_xlfn.CONCAT(IF(M354="Flat",UPPER(I354),I354)," ",IF(J354="Evening","†",IF(J354="Floodlit","#",""))) -> WOLVERHAMPTON | U354: 0 | V354: Midlands | W354: =YEAR(G354) -> 2023
A355: =IF(YEAR(G355)=2024,#REF!,"") | B355: =IF(YEAR(G355)=2025,#REF!,"") | C355: =J355&G355 -> Afternoon45026 | D355: =IF('by region'!$C$2="Any","Any",List!V355)&M355&IF('by region'!$I$2="Any","Any",N355)&G355 -> AnyFlatAny45026 | E355: =IF(I355=#REF!,List!G355,"") -> #REF! | F355: =G355&S355 -> #REF! | G355: 45026 | H355: Monday | I355: Redcar | J355: Afternoon | K355: Independent | L355: North | M355: Flat | N355: Turf | O355: Racecourse/Normal | P355: =IF(J355="Afternoon",1,IF(J355="Evening",2,IF(J355="Floodlit",3,4))) -> 1 | Q355: {=SUMPRODUCT(($G$2:$G$3094=G355)*(P355>$P$2:$P$3094))+1} -> 1 | R355: =(Q355*100000)+#REF! -> #REF! | S355: {=SUMPRODUCT(($G$2:$G$3094=G355)*(R355>$R$2:$R$3094))+1} -> #REF! | T355: =_xlfn.CONCAT(IF(M355="Flat",UPPER(I355),I355)," ",IF(J355="Evening","†",IF(J355="Floodlit","#",""))) -> REDCAR | U355: 0 | V355: NULL | W355: =YEAR(G355) -> 2023
A356: =IF(YEAR(G356)=2024,#REF!,"") | B356: =IF(YEAR(G356)=2025,#REF!,"") | C356: =J356&G356 -> Afternoon45026 | D356: =IF('by region'!$C$2="Any","Any",List!V356)&M356&IF('by region'!$I$2="Any","Any",N356)&G356 -> AnyJumpAny45026 | E356: =IF(I356=#REF!,List!G356,"") -> #REF! | F356: =G356&S356 -> #REF! | G356: 45026 | H356: Monday | I356: Chepstow | J356: Afternoon | K356: ARC | L356: South | M356: Jump | N356: Turf | O356: Racecourse/Normal | P356: =IF(J356="Afternoon",1,IF(J356="Evening",2,IF(J356="Floodlit",3,4))) -> 1 | Q356: {=SUMPRODUCT(($G$2:$G$3094=G356)*(P356>$P$2:$P$3094))+1} -> 1 | R356: =(Q356*100000)+#REF! -> #REF! | S356: {=SUMPRODUCT(($G$2:$G$3094=G356)*(R356>$R$2:$R$3094))+1} -> #REF! | T356: =_xlfn.CONCAT(IF(M356="Flat",UPPER(I356),I356)," ",IF(J356="Evening","†",IF(J356="Floodlit","#",""))) -> Chepstow | U356: 0 | V356: North | W356: =YEAR(G356) -> 2023
A357: =IF(YEAR(G357)=2024,#REF!,"") | B357: =IF(YEAR(G357)=2025,#REF!,"") | C357: =J357&G357 -> Afternoon45026 | D357: =IF('by region'!$C$2="Any","Any",List!V357)&M357&IF('by region'!$I$2="Any","Any",N357)&G357 -> AnyJumpAny45026 | E357: =IF(I357=#REF!,List!G357,"") -> #REF! | F357: =G357&S357 -> #REF! | G357: 45026 | H357: Monday | I357: Fakenham | J357: Afternoon | K357: Independent | L357: Midlands | M357: Jump | N357: Turf | O357: Racecourse/Normal | P357: =IF(J357="Afternoon",1,IF(J357="Evening",2,IF(J357="Floodlit",3,4))) -> 1 | Q357: {=SUMPRODUCT(($G$2:$G$3094=G357)*(P357>$P$2:$P$3094))+1} -> 1 | R357: =(Q357*100000)+#REF! -> #REF! | S357: {=SUMPRODUCT(($G$2:$G$3094=G357)*(R357>$R$2:$R$3094))+1} -> #REF! | T357: =_xlfn.CONCAT(IF(M357="Flat",UPPER(I357),I357)," ",IF(J357="Evening","†",IF(J357="Floodlit","#",""))) -> Fakenham | U357: 0 | V357: Midlands | W357: =YEAR(G357) -> 2023
A358: =IF(YEAR(G358)=2024,#REF!,"") | B358: =IF(YEAR(G358)=2025,#REF!,"") | C358: =J358&G358 -> Afternoon45026 | D358: =IF('by region'!$C$2="Any","Any",List!V358)&M358&IF('by region'!$I$2="Any","Any",N358)&G358 -> AnyJumpAny45026 | E358: =IF(I358=#REF!,List!G358,"") -> #REF! | F358: =G358&S358 -> #REF! | G358: 45026 | H358: Monday | I358: Huntingdon | J358: Afternoon | K358: JCR | L358: Midlands | M358: Jump | N358: Turf | O358: Racecourse/Normal | P358: =IF(J358="Afternoon",1,IF(J358="Evening",2,IF(J358="Floodlit",3,4))) -> 1 | Q358: {=SUMPRODUCT(($G$2:$G$3094=G358)*(P358>$P$2:$P$3094))+1} -> 1 | R358: =(Q358*100000)+#REF! -> #REF! | S358: {=SUMPRODUCT(($G$2:$G$3094=G358)*(R358>$R$2:$R$3094))+1} -> #REF! | T358: =_xlfn.CONCAT(IF(M358="Flat",UPPER(I358),I358)," ",IF(J358="Evening","†",IF(J358="Floodlit","#",""))) -> Huntingdon | U358: 0 | V358: Midlands | W358: =YEAR(G358) -> 2023
A359: =IF(YEAR(G359)=2024,#REF!,"") | B359: =IF(YEAR(G359)=2025,#REF!,"") | C359: =J359&G359 -> Afternoon45026 | D359: =IF('by region'!$C$2="Any","Any",List!V359)&M359&IF('by region'!$I$2="Any","Any",N359)&G359 -> AnyJumpAny45026 | E359: =IF(I359=#REF!,List!G359,"") -> #REF! | F359: =G359&S359 -> #REF! | G359: 45026 | H359: Monday | I359: Plumpton | J359: Afternoon | K359: Independent | L359: South | M359: Jump | N359: Turf | O359: Racecourse/Normal | P359: =IF(J359="Afternoon",1,IF(J359="Evening",2,IF(J359="Floodlit",3,4))) -> 1 | Q359: {=SUMPRODUCT(($G$2:$G$3094=G359)*(P359>$P$2:$P$3094))+1} -> 1 | R359: =(Q359*100000)+#REF! -> #REF! | S359: {=SUMPRODUCT(($G$2:$G$3094=G359)*(R359>$R$2:$R$3094))+1} -> #REF! | T359: =_xlfn.CONCAT(IF(M359="Flat",UPPER(I359),I359)," ",IF(J359="Evening","†",IF(J359="Floodlit","#",""))) -> Plumpton | U359: 0 | V359: North | W359: =YEAR(G359) -> 2023
A360: =IF(YEAR(G360)=2024,#REF!,"") | B360: =IF(YEAR(G360)=2025,#REF!,"") | C360: =J360&G360 -> Floodlit45027 | D360: =IF('by region'!$C$2="Any","Any",List!V360)&M360&IF('by region'!$I$2="Any","Any",N360)&G360 -> AnyFlatAny45027 | E360: =IF(I360=#REF!,List!G360,"") -> #REF! | F360: =G360&S360 -> #REF! | G360: 45027 | H360: Tuesday | I360: Wolverhampton | J360: Floodlit | K360: ARC | L360: Midlands | M360: Flat | N360: AWT | O360: Racecourse/Normal | P360: =IF(J360="Afternoon",1,IF(J360="Evening",2,IF(J360="Floodlit",3,4))) -> 3 | Q360: {=SUMPRODUCT(($G$2:$G$3094=G360)*(P360>$P$2:$P$3094))+1} -> 3 | R360: =(Q360*100000)+#REF! -> #REF! | S360: {=SUMPRODUCT(($G$2:$G$3094=G360)*(R360>$R$2:$R$3094))+1} -> #REF! | T360: =_xlfn.CONCAT(IF(M360="Flat",UPPER(I360),I360)," ",IF(J360="Evening","†",IF(J360="Floodlit","#",""))) -> WOLVERHAMPTON # | U360: 0 | V360: NULL | W360: =YEAR(G360) -> 2023
A361: =IF(YEAR(G361)=2024,#REF!,"") | B361: =IF(YEAR(G361)=2025,#REF!,"") | C361: =J361&G361 -> Afternoon45027 | D361: =IF('by region'!$C$2="Any","Any",List!V361)&M361&IF('by region'!$I$2="Any","Any",N361)&G361 -> AnyFlatAny45027 | E361: =IF(I361=#REF!,List!G361,"") -> #REF! | F361: =G361&S361 -> #REF! | G361: 45027 | H361: Tuesday | I361: Pontefract | J361: Afternoon | K361: Independent | L361: North | M361: Flat | N361: Turf | O361: Racecourse/Normal | P361: =IF(J361="Afternoon",1,IF(J361="Evening",2,IF(J361="Floodlit",3,4))) -> 1 | Q361: {=SUMPRODUCT(($G$2:$G$3094=G361)*(P361>$P$2:$P$3094))+1} -> 1 | R361: =(Q361*100000)+#REF! -> #REF! | S361: {=SUMPRODUCT(($G$2:$G$3094=G361)*(R361>$R$2:$R$3094))+1} -> #REF! | T361: =_xlfn.CONCAT(IF(M361="Flat",UPPER(I361),I361)," ",IF(J361="Evening","†",IF(J361="Floodlit","#",""))) -> PONTEFRACT | U361: 0 | V361: South | W361: =YEAR(G361) -> 2023
... A970: =IF(YEAR(G970)=2024,#REF!,"") | B970: =IF(YEAR(G970)=2025,#REF!,"") | C970: =J970&G970 -> Evening45159 | D970: =IF('by region'!$C$2="Any","Any",List!V970)&M970&IF('by region'!$I$2="Any","Any",N970)&G970 -> AnyFlatAny45159 | E970: =IF(I970=#REF!,List!G970,"") -> #REF! | F970: =G970&S970 -> #REF! | G970: 45159 | H970: Monday | I970: Windsor | J970: Evening | K970: ARC | L970: South | M970: Flat | N970: Turf | O970: Racecourse/Normal | P970: =IF(J970="Afternoon",1,IF(J970="Evening",2,IF(J970="Floodlit",3,4))) -> 2 | Q970: {=SUMPRODUCT(($G$2:$G$3094=G970)*(P970>$P$2:$P$3094))+1} -> 3 | R970: =(Q970*100000)+#REF! -> #REF! | S970: {=SUMPRODUCT(($G$2:$G$3094=G970)*(R970>$R$2:$R$3094))+1} -> #REF! | T970: =_xlfn.CONCAT(IF(M970="Flat",UPPER(I970),I970)," ",IF(J970="Evening","†",IF(J970="Floodlit","#",""))) -> WINDSOR † | U970: 0 | V970: South | W970: =YEAR(G970) -> 2023
A971: =IF(YEAR(G971)=2024,#REF!,"") | B971: =IF(YEAR(G971)=2025,#REF!,"") | C971: =J971&G971 -> Afternoon45159 | D971: =IF('by region'!$C$2="Any","Any",List!V971)&M971&IF('by region'!$I$2="Any","Any",N971)&G971 -> AnyFlatAny45159 | E971: =IF(I971=#REF!,List!G971,"") -> #REF! | F971: =G971&S971 -> 451592 | G971: 45159 | H971: Monday | I971: Brighton | J971: Afternoon | K971: ARC | L971: South | M971: Flat | N971: Turf | O971: Racecourse/Normal | P971: =IF(J971="Afternoon",1,IF(J971="Evening",2,IF(J971="Floodlit",3,4))) -> 1 | Q971: {=SUMPRODUCT(($G$2:$G$3094=G971)*(P971>$P$2:$P$3094))+1} -> 1 | R971: =(Q971*100000)+#REF! -> #REF! | S971: 2 | T971: =_xlfn.CONCAT(IF(M971="Flat",UPPER(I971),I971)," ",IF(J971="Evening","†",IF(J971="Floodlit","#",""))) -> BRIGHTON | U971: 0 | V971: NULL | W971: =YEAR(G971) -> 2023
A972: =IF(YEAR(G972)=2024,#REF!,"") | B972: =IF(YEAR(G972)=2025,#REF!,"") | C972: =J972&G972 -> Evening45159 | D972: =IF('by region'!$C$2="Any","Any",List!V972)&M972&IF('by region'!$I$2="Any","Any",N972)&G972 -> AnyJumpAny45159 | E972: =IF(I972=#REF!,List!G972,"") -> #REF! | F972: =G972&S972 -> #REF! | G972: 45159 | H972: Monday | I972: Bangor-On-Dee | J972: Evening | K972: Independent | L972: Midlands | M972: Jump | N972: Turf | O972: Racecourse/Normal | P972: =IF(J972="Afternoon",1,IF(J972="Evening",2,IF(J972="Floodlit",3,4))) -> 2 | Q972: {=SUMPRODUCT(($G$2:$G$3094=G972)*(P972>$P$2:$P$3094))+1} -> 3 | R972: =(Q972*100000)+#REF! -> #REF! | S972: {=SUMPRODUCT(($G$2:$G$3094=G972)*(R972>$R$2:$R$3094))+1} -> #REF! | T972: =_xlfn.CONCAT(IF(M972="Flat",UPPER(I972),I972)," ",IF(J972="Evening","†",IF(J972="Floodlit","#",""))) -> Bangor-On-Dee † | U972: 0 | V972: North | W972: =YEAR(G972) -> 2023
A973: =IF(YEAR(G973)=2024,#REF!,"") | B973: =IF(YEAR(G973)=2025,#REF!,"") | C973: =J973&G973 -> Evening45160 | D973: =IF('by region'!$C$2="Any","Any",List!V973)&M973&IF('by region'!$I$2="Any","Any",N973)&G973 -> AnyJumpAny45160 | E973: =IF(I973=#REF!,List!G973,"") -> #REF! | F973: =G973&S973 -> #REF! | G973: 45160 | H973: Tuesday | I973: Worcester | J973: Evening | K973: ARC | L973: Midlands | M973: Jump | N973: Turf | O973: National/BHA | P973: =IF(J973="Afternoon",1,IF(J973="Evening",2,IF(J973="Floodlit",3,4))) -> 2 | Q973: {=SUMPRODUCT(($G$2:$G$3094=G973)*(P973>$P$2:$P$3094))+1} -> 2 | R973: =(Q973*100000)+#REF! -> #REF! | S973: {=SUMPRODUCT(($G$2:$G$3094=G973)*(R973>$R$2:$R$3094))+1} -> #REF! | T973: =_xlfn.CONCAT(IF(M973="Flat",UPPER(I973),I973)," ",IF(J973="Evening","†",IF(J973="Floodlit","#",""))) -> Worcester † | U973: 0 | V973: Midlands | W973: =YEAR(G973) -> 2023
A974: =IF(YEAR(G974)=2024,#REF!,"") | B974: =IF(YEAR(G974)=2025,#REF!,"") | C974: =J974&G974 -> Afternoon45160 | D974: =IF('by region'!$C$2="Any","Any",List!V974)&M974&IF('by region'!$I$2="Any","Any",N974)&G974 -> AnyJumpAny45160 | E974: =IF(I974=#REF!,List!G974,"") -> #REF! | F974: =G974&S974 -> #REF! | G974: 45160 | H974: Tuesday | I974: Newton Abbot | J974: Afternoon | K974: Independent | L974: South | M974: Jump | N974: Turf | O974: Racecourse/Normal | P974: =IF(J974="Afternoon",1,IF(J974="Evening",2,IF(J974="Floodlit",3,4))) -> 1 | Q974: {=SUMPRODUCT(($G$2:$G$3094=G974)*(P974>$P$2:$P$3094))+1} -> 1 | R974: =(Q974*100000)+#REF! -> #REF! | S974: {=SUMPRODUCT(($G$2:$G$3094=G974)*(R974>$R$2:$R$3094))+1} -> #REF! | T974: =_xlfn.CONCAT(IF(M974="Flat",UPPER(I974),I974)," ",IF(J974="Evening","†",IF(J974="Floodlit","#",""))) -> Newton Abbot | U974: 0 | V974: Midlands | W974: =YEAR(G974) -> 2023
A975: =IF(YEAR(G975)=2024,#REF!,"") | B975: =IF(YEAR(G975)=2025,#REF!,"") | C975: =J975&G975 -> Evening45161 | D975: =IF('by region'!$C$2="Any","Any",List!V975)&M975&IF('by region'!$I$2="Any","Any",N975)&G975 -> AnyFlatAny45161 | E975: =IF(I975=#REF!,List!G975,"") -> #REF! | F975: =G975&S975 -> #REF! | G975: 45161 | H975: Wednesday | I975: Kempton Park | J975: Evening | K975: JCR | L975: South | M975: Flat | N975: AWT | O975: Racecourse/Normal | P975: =IF(J975="Afternoon",1,IF(J975="Evening",2,IF(J975="Floodlit",3,4))) -> 2 | Q975: {=SUMPRODUCT(($G$2:$G$3094=G975)*(P975>$P$2:$P$3094))+1} -> 4 | R975: =(Q975*100000)+#REF! -> #REF! | S975: {=SUMPRODUCT(($G$2:$G$3094=G975)*(R975>$R$2:$R$3094))+1} -> #REF! | T975: =_xlfn.CONCAT(IF(M975="Flat",UPPER(I975),I975)," ",IF(J975="Evening","†",IF(J975="Floodlit","#",""))) -> KEMPTON PARK † | U975: 0 | V975: North | W975: =YEAR(G975) -> 2023
A976: =IF(YEAR(G976)=2024,#REF!,"") | B976: =IF(YEAR(G976)=2025,#REF!,"") | C976: =J976&G976 -> Evening45161 | D976: =IF('by region'!$C$2="Any","Any",List!V976)&M976&IF('by region'!$I$2="Any","Any",N976)&G976 -> AnyFlatAny45161 | E976: =IF(I976=#REF!,List!G976,"") -> #REF! | F976: =G976&S976 -> #REF! | G976: 45161 | H976: Wednesday | I976: Leicester | J976: Evening | K976: Independent | L976: Midlands | M976: Flat | N976: Turf | O976: National/BHA | P976: =IF(J976="Afternoon",1,IF(J976="Evening",2,IF(J976="Floodlit",3,4))) -> 2 | Q976: {=SUMPRODUCT(($G$2:$G$3094=G976)*(P976>$P$2:$P$3094))+1} -> 4 | R976: =(Q976*100000)+#REF! -> #REF! | S976: {=SUMPRODUCT(($G$2:$G$3094=G976)*(R976>$R$2:$R$3094))+1} -> #REF! | T976: =_xlfn.CONCAT(IF(M976="Flat",UPPER(I976),I976)," ",IF(J976="Evening","†",IF(J976="Floodlit","#",""))) -> LEICESTER † | U976: 0 | V976: North | W976: =YEAR(G976) -> 2023
A977: =IF(YEAR(G977)=2024,#REF!,"") | B977: =IF(YEAR(G977)=2025,#REF!,"") | C977: =J977&G977 -> Afternoon45161 | D977: =IF('by region'!$C$2="Any","Any",List!V977)&M977&IF('by region'!$I$2="Any","Any",N977)&G977 -> AnyFlatAny45161 | E977: =IF(I977=#REF!,List!G977,"") -> #REF! | F977: =G977&S977 -> #REF! | G977: 45161 | H977: Wednesday | I977: Bath | J977: Afternoon | K977: ARC | L977: South | M977: Flat | N977: Turf | O977: Racecourse/Normal | P977: =IF(J977="Afternoon",1,IF(J977="Evening",2,IF(J977="Floodlit",3,4))) -> 1 | Q977: {=SUMPRODUCT(($G$2:$G$3094=G977)*(P977>$P$2:$P$3094))+1} -> 1 | R977: =(Q977*100000)+#REF! -> #REF! | S977: {=SUMPRODUCT(($G$2:$G$3094=G977)*(R977>$R$2:$R$3094))+1} -> #REF! | T977: =_xlfn.CONCAT(IF(M977="Flat",UPPER(I977),I977)," ",IF(J977="Evening","†",IF(J977="Floodlit","#",""))) -> BATH | U977: 0 | V977: North | W977: =YEAR(G977) -> 2023
A978: =IF(YEAR(G978)=2024,#REF!,"") | B978: =IF(YEAR(G978)=2025,#REF!,"") | C978: =J978&G978 -> Afternoon45161 | D978: =IF('by region'!$C$2="Any","Any",List!V978)&M978&IF('by region'!$I$2="Any","Any",N978)&G978 -> AnyFlatAny45161 | E978: =IF(I978=#REF!,List!G978,"") -> #REF! | F978: =G978&S978 -> #REF! | G978: 45161 | H978: Wednesday | I978: Carlisle | J978: Afternoon | K978: JCR | L978: North | M978: Flat | N978: Turf | O978: Racecourse/Normal | P978: =IF(J978="Afternoon",1,IF(J978="Evening",2,IF(J978="Floodlit",3,4))) -> 1 | Q978: {=SUMPRODUCT(($G$2:$G$3094=G978)*(P978>$P$2:$P$3094))+1} -> 1 | R978: =(Q978*100000)+#REF! -> #REF! | S978: {=SUMPRODUCT(($G$2:$G$3094=G978)*(R978>$R$2:$R$3094))+1} -> #REF! | T978: =_xlfn.CONCAT(IF(M978="Flat",UPPER(I978),I978)," ",IF(J978="Evening","†",IF(J978="Floodlit","#",""))) -> CARLISLE | U978: 0 | V978: Midlands | W978: =YEAR(G978) -> 2023
A979: =IF(YEAR(G979)=2024,#REF!,"") | B979: =IF(YEAR(G979)=2025,#REF!,"") | C979: =J979&G979 -> Afternoon45161 | D979: =IF('by region'!$C$2="Any","Any",List!V979)&M979&IF('by region'!$I$2="Any","Any",N979)&G979 -> AnyFlatAny45161 | E979: =IF(I979=#REF!,List!G979,"") -> #REF! | F979: =G979&S979 -> #REF! | G979: 45161 | H979: Wednesday | I979: York | J979: Afternoon | K979: Independent | L979: North | M979: Flat | N979: Turf | O979: Racecourse/Normal | P979: =IF(J979="Afternoon",1,IF(J979="Evening",2,IF(J979="Floodlit",3,4))) -> 1 | Q979: {=SUMPRODUCT(($G$2:$G$3094=G979)*(P979>$P$2:$P$3094))+1} -> 1 | R979: =(Q979*100000)+#REF! -> #REF! | S979: {=SUMPRODUCT(($G$2:$G$3094=G979)*(R979>$R$2:$R$3094))+1} -> #REF! | T979: =_xlfn.CONCAT(IF(M979="Flat",UPPER(I979),I979)," ",IF(J979="Evening","†",IF(J979="Floodlit","#",""))) -> YORK | U979: 0 | V979: North | W979: =YEAR(G979) -> 2023
A980: =IF(YEAR(G980)=2024,#REF!,"") | B980: =IF(YEAR(G980)=2025,#REF!,"") | C980: =J980&G980 -> Evening45162 | D980: =IF('by region'!$C$2="Any","Any",List!V980)&M980&IF('by region'!$I$2="Any","Any",N980)&G980 -> AnyFlatAny45162 | E980: =IF(I980=#REF!,List!G980,"") -> #REF! | F980: =G980&S980 -> #REF! | G980: 45162 | H980: Thursday | I980: Chelmsford City | J980: Evening | K980: Independent | L980: South | M980: Flat | N980: AWT | O980: Racecourse/Normal | P980: =IF(J980="Afternoon",1,IF(J980="Evening",2,IF(J980="Floodlit",3,4))) -> 2 | Q980: {=SUMPRODUCT(($G$2:$G$3094=G980)*(P980>$P$2:$P$3094))+1} -> 4 | R980: =(Q980*100000)+#REF! -> #REF! | S980: {=SUMPRODUCT(($G$2:$G$3094=G980)*(R980>$R$2:$R$3094))+1} -> #REF! | T980: =_xlfn.CONCAT(IF(M980="Flat",UPPER(I980),I980)," ",IF(J980="Evening","†",IF(J980="Floodlit","#",""))) -> CHELMSFORD CITY † | U980: 0 | V980: South | W980: =YEAR(G980) -> 2023
A981: =IF(YEAR(G981)=2024,#REF!,"") | B981: =IF(YEAR(G981)=2025,#REF!,"") | C981: =J981&G981 -> Afternoon45162 | D981: =IF('by region'!$C$2="Any","Any",List!V981)&M981&IF('by region'!$I$2="Any","Any",N981)&G981 -> AnyFlatAny45162 | E981: =IF(I981=#REF!,List!G981,"") -> #REF! | F981: =G981&S981 -> #REF! | G981: 45162 | H981: Thursday | I981: Chepstow | J981: Afternoon | K981: ARC | L981: South | M981: Flat | N981: Turf | O981: Racecourse/Normal | P981: =IF(J981="Afternoon",1,IF(J981="Evening",2,IF(J981="Floodlit",3,4))) -> 1 | Q981: {=SUMPRODUCT(($G$2:$G$3094=G981)*(P981>$P$2:$P$3094))+1} -> 1 | R981: =(Q981*100000)+#REF! -> #REF! | S981: {=SUMPRODUCT(($G$2:$G$3094=G981)*(R981>$R$2:$R$3094))+1} -> #REF! | T981: =_xlfn.CONCAT(IF(M981="Flat",UPPER(I981),I981)," ",IF(J981="Evening","†",IF(J981="Floodlit","#",""))) -> CHEPSTOW | U981: 0 | V981: North | W981: =YEAR(G981) -> 2023
A982: =IF(YEAR(G982)=2024,#REF!,"") | B982: =IF(YEAR(G982)=2025,#REF!,"") | C982: =J982&G982 -> Afternoon45162 | D982: =IF('by region'!$C$2="Any","Any",List!V982)&M982&IF('by region'!$I$2="Any","Any",N982)&G982 -> AnyFlatAny45162 | E982: =IF(I982=#REF!,List!G982,"") -> #REF! | F982: =G982&S982 -> #REF! | G982: 45162 | H982: Thursday | I982: York | J982: Afternoon | K982: Independent | L982: North | M982: Flat | N982: Turf | O982: Racecourse/Normal | P982: =IF(J982="Afternoon",1,IF(J982="Evening",2,IF(J982="Floodlit",3,4))) -> 1 | Q982: {=SUMPRODUCT(($G$2:$G$3094=G982)*(P982>$P$2:$P$3094))+1} -> 1 | R982: =(Q982*100000)+#REF! -> #REF! | S982: {=SUMPRODUCT(($G$2:$G$3094=G982)*(R982>$R$2:$R$3094))+1} -> #REF! | T982: =_xlfn.CONCAT(IF(M982="Flat",UPPER(I982),I982)," ",IF(J982="Evening","†",IF(J982="Floodlit","#",""))) -> YORK | U982: 0 | V982: North | W982: =YEAR(G982) -> 2023
A983: =IF(YEAR(G983)=2024,#REF!,"") | B983: =IF(YEAR(G983)=2025,#REF!,"") | C983: =J983&G983 -> Evening45162 | D983: =IF('by region'!$C$2="Any","Any",List!V983)&M983&IF('by region'!$I$2="Any","Any",N983)&G983 -> AnyJumpAny45162 | E983: =IF(I983=#REF!,List!G983,"") -> #REF! | F983: =G983&S983 -> #REF! | G983: 45162 | H983: Thursday | I983: Fontwell Park | J983: Evening | K983: ARC | L983: South | M983: Jump | N983: Turf | O983: Racecourse/Normal | P983: =IF(J983="Afternoon",1,IF(J983="Evening",2,IF(J983="Floodlit",3,4))) -> 2 | Q983: {=SUMPRODUCT(($G$2:$G$3094=G983)*(P983>$P$2:$P$3094))+1} -> 4 | R983: =(Q983*100000)+#REF! -> #REF! | S983: {=SUMPRODUCT(($G$2:$G$3094=G983)*(R983>$R$2:$R$3094))+1} -> #REF! | T983: =_xlfn.CONCAT(IF(M983="Flat",UPPER(I983),I983)," ",IF(J983="Evening","†",IF(J983="Floodlit","#",""))) -> Fontwell Park † | U983: 0 | V983: South | W983: =YEAR(G983) -> 2023
... A1021: =IF(YEAR(G1021)=2024,#REF!,"") | B1021: =IF(YEAR(G1021)=2025,#REF!,"") | C1021: =J1021&G1021 -> Afternoon45170 | D1021: =IF('by region'!$C$2="Any","Any",List!V1021)&M1021&IF('by region'!$I$2="Any","Any",N1021)&G1021 -> AnyFlatAny45170 | E1021: =IF(I1021=#REF!,List!G1021,"") -> #REF! | F1021: =G1021&S1021 -> #REF! | G1021: 45170 | H1021: Friday | I1021: Carlisle | J1021: Afternoon | K1021: JCR | L1021: North | M1021: Flat | N1021: Turf | O1021: Racecourse/Normal | P1021: =IF(J1021="Afternoon",1,IF(J1021="Evening",2,IF(J1021="Floodlit",3,4))) -> 1 | Q1021: {=SUMPRODUCT(($G$2:$G$3094=G1021)*(P1021>$P$2:$P$3094))+1} -> 1 | R1021: =(Q1021*100000)+#REF! -> #REF! | S1021: {=SUMPRODUCT(($G$2:$G$3094=G1021)*(R1021>$R$2:$R$3094))+1} -> #REF! | T1021: =_xlfn.CONCAT(IF(M1021="Flat",UPPER(I1021),I1021)," ",IF(J1021="Evening","†",IF(J1021="Floodlit","#",""))) -> CARLISLE | U1021: 0 | V1021: Midlands | W1021: =YEAR(G1021) -> 2023
A1022: =IF(YEAR(G1022)=2024,#REF!,"") | B1022: =IF(YEAR(G1022)=2025,#REF!,"") | C1022: =J1022&G1022 -> Afternoon45170 | D1022: =IF('by region'!$C$2="Any","Any",List!V1022)&M1022&IF('by region'!$I$2="Any","Any",N1022)&G1022 -> AnyFlatAny45170 | E1022: =IF(I1022=#REF!,List!G1022,"") -> #REF! | F1022: =G1022&S1022 -> 451704 | G1022: 45170 | H1022: Friday | I1022: Thirsk | J1022: Afternoon | K1022: Independent | L1022: North | M1022: Flat | N1022: Turf | O1022: Racecourse/Normal | P1022: =IF(J1022="Afternoon",1,IF(J1022="Evening",2,IF(J1022="Floodlit",3,4))) -> 1 | Q1022: {=SUMPRODUCT(($G$2:$G$3094=G1022)*(P1022>$P$2:$P$3094))+1} -> 1 | R1022: =(Q1022*100000)+#REF! -> #REF! | S1022: 4 | T1022: =_xlfn.CONCAT(IF(M1022="Flat",UPPER(I1022),I1022)," ",IF(J1022="Evening","†",IF(J1022="Floodlit","#",""))) -> THIRSK | U1022: 0 | V1022: Midlands | W1022: =YEAR(G1022) -> 2023
A1023: =IF(YEAR(G1023)=2024,#REF!,"") | B1023: =IF(YEAR(G1023)=2025,#REF!,"") | C1023: =J1023&G1023 -> Afternoon45170 | D1023: =IF('by region'!$C$2="Any","Any",List!V1023)&M1023&IF('by region'!$I$2="Any","Any",N1023)&G1023 -> AnyJumpAny45170 | E1023: =IF(I1023=#REF!,List!G1023,"") -> #REF! | F1023: =G1023&S1023 -> 451703 | G1023: 45170 | H1023: Friday | I1023: Fontwell Park | J1023: Afternoon | K1023: ARC | L1023: South | M1023: Jump | N1023: Turf | O1023: Racecourse/Normal | P1023: =IF(J1023="Afternoon",1,IF(J1023="Evening",2,IF(J1023="Floodlit",3,4))) -> 1 | Q1023: {=SUMPRODUCT(($G$2:$G$3094=G1023)*(P1023>$P$2:$P$3094))+1} -> 1 | R1023: =(Q1023*100000)+#REF! -> #REF! | S1023: 3 | T1023: =_xlfn.CONCAT(IF(M1023="Flat",UPPER(I1023),I1023)," ",IF(J1023="Evening","†",IF(J1023="Floodlit","#",""))) -> Fontwell Park | U1023: 0 | V1023: Midlands | W1023: =YEAR(G1023) -> 2023
A1024: =IF(YEAR(G1024)=2024,#REF!,"") | B1024: =IF(YEAR(G1024)=2025,#REF!,"") | C1024: =J1024&G1024 -> Evening45171 | D1024: =IF('by region'!$C$2="Any","Any",List!V1024)&M1024&IF('by region'!$I$2="Any","Any",N1024)&G1024 -> AnyFlatAny45171 | E1024: =IF(I1024=#REF!,List!G1024,"") -> #REF! | F1024: =G1024&S1024 -> #REF! | G1024: 45171 | H1024: Saturday | I1024: Chelmsford City | J1024: Evening | K1024: Independent | L1024: South | M1024: Flat | N1024: AWT | O1024: Racecourse/Normal | P1024: =IF(J1024="Afternoon",1,IF(J1024="Evening",2,IF(J1024="Floodlit",3,4))) -> 2 | Q1024: {=SUMPRODUCT(($G$2:$G$3094=G1024)*(P1024>$P$2:$P$3094))+1} -> 5 | R1024: =(Q1024*100000)+#REF! -> #REF! | S1024: {=SUMPRODUCT(($G$2:$G$3094=G1024)*(R1024>$R$2:$R$3094))+1} -> #REF! | T1024: =_xlfn.CONCAT(IF(M1024="Flat",UPPER(I1024),I1024)," ",IF(J1024="Evening","†",IF(J1024="Floodlit","#",""))) -> CHELMSFORD CITY † | U1024: 0 | V1024: NULL | W1024: =YEAR(G1024) -> 2023
A1025: =IF(YEAR(G1025)=2024,#REF!,"") | B1025: =IF(YEAR(G1025)=2025,#REF!,"") | C1025: =J1025&G1025 -> Evening45171 | D1025: =IF('by region'!$C$2="Any","Any",List!V1025)&M1025&IF('by region'!$I$2="Any","Any",N1025)&G1025 -> AnyFlatAny45171 | E1025: =IF(I1025=#REF!,List!G1025,"") -> #REF! | F1025: =G1025&S1025 -> #REF! | G1025: 45171 | H1025: Saturday | I1025: Wolverhampton | J1025: Evening | K1025: ARC | L1025: Midlands | M1025: Flat | N1025: AWT | O1025: Racecourse/Normal | P1025: =IF(J1025="Afternoon",1,IF(J1025="Evening",2,IF(J1025="Floodlit",3,4))) -> 2 | Q1025: {=SUMPRODUCT(($G$2:$G$3094=G1025)*(P1025>$P$2:$P$3094))+1} -> 5 | R1025: =(Q1025*100000)+#REF! -> #REF! | S1025: {=SUMPRODUCT(($G$2:$G$3094=G1025)*(R1025>$R$2:$R$3094))+1} -> #REF! | T1025: =_xlfn.CONCAT(IF(M1025="Flat",UPPER(I1025),I1025)," ",IF(J1025="Evening","†",IF(J1025="Floodlit","#",""))) -> WOLVERHAMPTON † | U1025: 0 | V1025: Midlands | W1025: =YEAR(G1025) -> 2023
A1026: =IF(YEAR(G1026)=2024,#REF!,"") | B1026: =IF(YEAR(G1026)=2025,#REF!,"") | C1026: =J1026&G1026 -> Afternoon45171 | D1026: =IF('by region'!$C$2="Any","Any",List!V1026)&M1026&IF('by region'!$I$2="Any","Any",N1026)&G1026 -> AnyFlatAny45171 | E1026: =IF(I1026=#REF!,List!G1026,"") -> #REF! | F1026: =G1026&S1026 -> #REF! | G1026: 45171 | H1026: Saturday | I1026: Beverley | J1026: Afternoon | K1026: Independent | L1026: North | M1026: Flat | N1026: Turf | O1026: Racecourse/Normal | P1026: =IF(J1026="Afternoon",1,IF(J1026="Evening",2,IF(J1026="Floodlit",3,4))) -> 1 | Q1026: {=SUMPRODUCT(($G$2:$G$3094=G1026)*(P1026>$P$2:$P$3094))+1} -> 1 | R1026: =(Q1026*100000)+#REF! -> #REF! | S1026: {=SUMPRODUCT(($G$2:$G$3094=G1026)*(R1026>$R$2:$R$3094))+1} -> #REF! | T1026: =_xlfn.CONCAT(IF(M1026="Flat",UPPER(I1026),I1026)," ",IF(J1026="Evening","†",IF(J1026="Floodlit","#",""))) -> BEVERLEY | U1026: 0 | V1026: South | W1026: =YEAR(G1026) -> 2023
A1027: =IF(YEAR(G1027)=2024,#REF!,"") | B1027: =IF(YEAR(G1027)=2025,#REF!,"") | C1027: =J1027&G1027 -> Afternoon45171 | D1027: =IF('by region'!$C$2="Any","Any",List!V1027)&M1027&IF('by region'!$I$2="Any","Any",N1027)&G1027 -> AnyFlatAny45171 | E1027: =IF(I1027=#REF!,List!G1027,"") -> #REF! | F1027: =G1027&S1027 -> #REF! | G1027: 45171 | H1027: Saturday | I1027: Chester | J1027: Afternoon | K1027: Independent | L1027: Midlands | M1027: Flat | N1027: Turf | O1027: Racecourse/Normal | P1027: =IF(J1027="Afternoon",1,IF(J1027="Evening",2,IF(J1027="Floodlit",3,4))) -> 1 | Q1027: {=SUMPRODUCT(($G$2:$G$3094=G1027)*(P1027>$P$2:$P$3094))+1} -> 1 | R1027: =(Q1027*100000)+#REF! -> #REF! | S1027: {=SUMPRODUCT(($G$2:$G$3094=G1027)*(R1027>$R$2:$R$3094))+1} -> #REF! | T1027: =_xlfn.CONCAT(IF(M1027="Flat",UPPER(I1027),I1027)," ",IF(J1027="Evening","†",IF(J1027="Floodlit","#",""))) -> CHESTER | U1027: 0 | V1027: NULL | W1027: =YEAR(G1027) -> 2023
A1028: =IF(YEAR(G1028)=2024,#REF!,"") | B1028: =IF(YEAR(G1028)=2025,#REF!,"") | C1028: =J1028&G1028 -> Afternoon45171 | D1028: =IF('by region'!$C$2="Any","Any",List!V1028)&M1028&IF('by region'!$I$2="Any","Any",N1028)&G1028 -> AnyFlatAny45171 | E1028: =IF(I1028=#REF!,List!G1028,"") -> #REF! | F1028: =G1028&S1028 -> #REF! | G1028: 45171 | H1028: Saturday | I1028: Sandown Park | J1028: Afternoon | K1028: JCR | L1028: South | M1028: Flat | N1028: Turf | O1028: Racecourse/Normal | P1028: =IF(J1028="Afternoon",1,IF(J1028="Evening",2,IF(J1028="Floodlit",3,4))) -> 1 | Q1028: {=SUMPRODUCT(($G$2:$G$3094=G1028)*(P1028>$P$2:$P$3094))+1} -> 1 | R1028: =(Q1028*100000)+#REF! -> #REF! | S1028: {=SUMPRODUCT(($G$2:$G$3094=G1028)*(R1028>$R$2:$R$3094))+1} -> #REF! | T1028: =_xlfn.CONCAT(IF(M1028="Flat",UPPER(I1028),I1028)," ",IF(J1028="Evening","†",IF(J1028="Floodlit","#",""))) -> SANDOWN PARK | U1028: 0 | V1028: South | W1028: =YEAR(G1028) -> 2023
A1029: =IF(YEAR(G1029)=2024,#REF!,"") | B1029: =IF(YEAR(G1029)=2025,#REF!,"") | C1029: =J1029&G1029 -> Afternoon45171 | D1029: =IF('by region'!$C$2="Any","Any",List!V1029)&M1029&IF('by region'!$I$2="Any","Any",N1029)&G1029 -> AnyJumpAny45171 | E1029: =IF(I1029=#REF!,List!G1029,"") -> #REF! | F1029: =G1029&S1029 -> #REF! | G1029: 45171 | H1029: Saturday | I1029: Newton Abbot | J1029: Afternoon | K1029: Independent | L1029: South | M1029: Jump | N1029: Turf | O1029: Racecourse/Normal | P1029: =IF(J1029="Afternoon",1,IF(J1029="Evening",2,IF(J1029="Floodlit",3,4))) -> 1 | Q1029: {=SUMPRODUCT(($G$2:$G$3094=G1029)*(P1029>$P$2:$P$3094))+1} -> 1 | R1029: =(Q1029*100000)+#REF! -> #REF! | S1029: {=SUMPRODUCT(($G$2:$G$3094=G1029)*(R1029>$R$2:$R$3094))+1} -> #REF! | T1029: =_xlfn.CONCAT(IF(M1029="Flat",UPPER(I1029),I1029)," ",IF(J1029="Evening","†",IF(J1029="Floodlit","#",""))) -> Newton Abbot | U1029: 0 | V1029: Midlands | W1029: =YEAR(G1029) -> 2023
A1030: =IF(YEAR(G1030)=2024,#REF!,"") | B1030: =IF(YEAR(G1030)=2025,#REF!,"") | C1030: =J1030&G1030 -> Afternoon45172 | D1030: =IF('by region'!$C$2="Any","Any",List!V1030)&M1030&IF('by region'!$I$2="Any","Any",N1030)&G1030 -> AnyFlatAny45172 | E1030: =IF(I1030=#REF!,List!G1030,"") -> #REF! | F1030: =G1030&S1030 -> #REF! | G1030: 45172 | H1030: Sunday | I1030: Brighton | J1030: Afternoon | K1030: ARC | L1030: South | M1030: Flat | N1030: Turf | O1030: Racecourse/Normal | P1030: =IF(J1030="Afternoon",1,IF(J1030="Evening",2,IF(J1030="Floodlit",3,4))) -> 1 | Q1030: {=SUMPRODUCT(($G$2:$G$3094=G1030)*(P1030>$P$2:$P$3094))+1} -> 1 | R1030: =(Q1030*100000)+#REF! -> #REF! | S1030: {=SUMPRODUCT(($G$2:$G$3094=G1030)*(R1030>$R$2:$R$3094))+1} -> #REF! | T1030: =_xlfn.CONCAT(IF(M1030="Flat",UPPER(I1030),I1030)," ",IF(J1030="Evening","†",IF(J1030="Floodlit","#",""))) -> BRIGHTON | U1030: 0 | V1030: NULL | W1030: =YEAR(G1030) -> 2023
A1031: =IF(YEAR(G1031)=2024,#REF!,"") | B1031: =IF(YEAR(G1031)=2025,#REF!,"") | C1031: =J1031&G1031 -> Afternoon45172 | D1031: =IF('by region'!$C$2="Any","Any",List!V1031)&M1031&IF('by region'!$I$2="Any","Any",N1031)&G1031 -> AnyJumpAny45172 | E1031: =IF(I1031=#REF!,List!G1031,"") -> #REF! | F1031: =G1031&S1031 -> #REF! | G1031: 45172 | H1031: Sunday | I1031: Worcester | J1031: Afternoon | K1031: ARC | L1031: Midlands | M1031: Jump | N1031: Turf | O1031: Racecourse/Normal | P1031: =IF(J1031="Afternoon",1,IF(J1031="Evening",2,IF(J1031="Floodlit",3,4))) -> 1 | Q1031: {=SUMPRODUCT(($G$2:$G$3094=G1031)*(P1031>$P$2:$P$3094))+1} -> 1 | R1031: =(Q1031*100000)+#REF! -> #REF! | S1031: {=SUMPRODUCT(($G$2:$G$3094=G1031)*(R1031>$R$2:$R$3094))+1} -> #REF! | T1031: =_xlfn.CONCAT(IF(M1031="Flat",UPPER(I1031),I1031)," ",IF(J1031="Evening","†",IF(J1031="Floodlit","#",""))) -> Worcester | U1031: 0 | V1031: NULL | W1031: =YEAR(G1031) -> 2023
A1032: =IF(YEAR(G1032)=2024,#REF!,"") | B1032: =IF(YEAR(G1032)=2025,#REF!,"") | C1032: =J1032&G1032 -> Evening45173 | D1032: =IF('by region'!$C$2="Any","Any",List!V1032)&M1032&IF('by region'!$I$2="Any","Any",N1032)&G1032 -> AnyFlatAny45173 | E1032: =IF(I1032=#REF!,List!G1032,"") -> #REF! | F1032: =G1032&S1032 -> #REF! | G1032: 45173 | H1032: Monday | I1032: Southwell | J1032: Evening | K1032: ARC | L1032: Midlands | M1032: Flat | N1032: AWT | O1032: Racecourse/Normal | P1032: =IF(J1032="Afternoon",1,IF(J1032="Evening",2,IF(J1032="Floodlit",3,4))) -> 2 | Q1032: {=SUMPRODUCT(($G$2:$G$3094=G1032)*(P1032>$P$2:$P$3094))+1} -> 3 | R1032: =(Q1032*100000)+#REF! -> #REF! | S1032: {=SUMPRODUCT(($G$2:$G$3094=G1032)*(R1032>$R$2:$R$3094))+1} -> #REF! | T1032: =_xlfn.CONCAT(IF(M1032="Flat",UPPER(I1032),I1032)," ",IF(J1032="Evening","†",IF(J1032="Floodlit","#",""))) -> SOUTHWELL † | U1032: 0 | V1032: North | W1032: =YEAR(G1032) -> 2023
A1033: =IF(YEAR(G1033)=2024,#REF!,"") | B1033: =IF(YEAR(G1033)=2025,#REF!,"") | C1033: =J1033&G1033 -> Afternoon45173 | D1033: =IF('by region'!$C$2="Any","Any",List!V1033)&M1033&IF('by region'!$I$2="Any","Any",N1033)&G1033 -> AnyFlatAny45173 | E1033: =IF(I1033=#REF!,List!G1033,"") -> #REF! | F1033: =G1033&S1033 -> #REF! | G1033: 45173 | H1033: Monday | I1033: Brighton | J1033: Afternoon | K1033: ARC | L1033: South | M1033: Flat | N1033: Turf | O1033: Racecourse/Normal | P1033: =IF(J1033="Afternoon",1,IF(J1033="Evening",2,IF(J1033="Floodlit",3,4))) -> 1 | Q1033: {=SUMPRODUCT(($G$2:$G$3094=G1033)*(P1033>$P$2:$P$3094))+1} -> 1 | R1033: =(Q1033*100000)+#REF! -> #REF! | S1033: {=SUMPRODUCT(($G$2:$G$3094=G1033)*(R1033>$R$2:$R$3094))+1} -> #REF! | T1033: =_xlfn.CONCAT(IF(M1033="Flat",UPPER(I1033),I1033)," ",IF(J1033="Evening","†",IF(J1033="Floodlit","#",""))) -> BRIGHTON | U1033: 0 | V1033: South | W1033: =YEAR(G1033) -> 2023
A1034: =IF(YEAR(G1034)=2024,#REF!,"") | B1034: =IF(YEAR(G1034)=2025,#REF!,"") | C1034: =J1034&G1034 -> Afternoon45173 | D1034: =IF('by region'!$C$2="Any","Any",List!V1034)&M1034&IF('by region'!$I$2="Any","Any",N1034)&G1034 -> AnyFlatAny45173 | E1034: =IF(I1034=#REF!,List!G1034,"") -> #REF! | F1034: =G1034&S1034 -> #REF! | G1034: 45173 | H1034: Monday | I1034: Chepstow | J1034: Afternoon | K1034: ARC | L1034: South | M1034: Flat | N1034: Turf | O1034: Racecourse/Normal | P1034: =IF(J1034="Afternoon",1,IF(J1034="Evening",2,IF(J1034="Floodlit",3,4))) -> 1 | Q1034: {=SUMPRODUCT(($G$2:$G$3094=G1034)*(P1034>$P$2:$P$3094))+1} -> 1 | R1034: =(Q1034*100000)+#REF! -> #REF! | S1034: {=SUMPRODUCT(($G$2:$G$3094=G1034)*(R1034>$R$2:$R$3094))+1} -> #REF! | T1034: =_xlfn.CONCAT(IF(M1034="Flat",UPPER(I1034),I1034)," ",IF(J1034="Evening","†",IF(J1034="Floodlit","#",""))) -> CHEPSTOW | U1034: 0 | V1034: North | W1034: =YEAR(G1034) -> 2023
A1035: =IF(YEAR(G1035)=2024,#REF!,"") | B1035: =IF(YEAR(G1035)=2025,#REF!,"") | C1035: =J1035&G1035 -> Evening45174 | D1035: =IF('by region'!$C$2="Any","Any",List!V1035)&M1035&IF('by region'!$I$2="Any","Any",N1035)&G1035 -> AnyFlatAny45174 | E1035: =IF(I1035=#REF!,List!G1035,"") -> #REF! | F1035: =G1035&S1035 -> #REF! | G1035: 45174 | H1035: Tuesday | I1035: Hamilton Park | J1035: Evening | K1035: Independent | L1035: North | M1035: Flat | N1035: Turf | O1035: Racecourse/Normal | P1035: =IF(J1035="Afternoon",1,IF(J1035="Evening",2,IF(J1035="Floodlit",3,4))) -> 2 | Q1035: {=SUMPRODUCT(($G$2:$G$3094=G1035)*(P1035>$P$2:$P$3094))+1} -> 3 | R1035: =(Q1035*100000)+#REF! -> #REF! | S1035: {=SUMPRODUCT(($G$2:$G$3094=G1035)*(R1035>$R$2:$R$3094))+1} -> #REF! | T1035: =_xlfn.CONCAT(IF(M1035="Flat",UPPER(I1035),I1035)," ",IF(J1035="Evening","†",IF(J1035="Floodlit","#",""))) -> HAMILTON PARK † | U1035: 0 | V1035: Midlands | W1035: =YEAR(G1035) -> 2023
... A1479: =IF(YEAR(G1479)=2024,#REF!,"") | B1479: =IF(YEAR(G1479)=2025,#REF!,"") | C1479: =J1479&G1479 -> Afternoon45291 | D1479: =IF('by region'!$C$2="Any","Any",List!V1479)&M1479&IF('by region'!$I$2="Any","Any",N1479)&G1479 -> AnyJumpAny45291 | E1479: =IF(I1479=#REF!,List!G1479,"") -> #REF! | F1479: =G1479&S1479 -> #REF! | G1479: 45291 | H1479: Sunday | I1479: Warwick | J1479: Afternoon | K1479: JCR | L1479: Midlands | M1479: Jump | N1479: Turf | O1479: Racecourse/Normal | P1479: =IF(J1479="Afternoon",1,IF(J1479="Evening",2,IF(J1479="Floodlit",3,4))) -> 1 | Q1479: {=SUMPRODUCT(($G$2:$G$3094=G1479)*(P1479>$P$2:$P$3094))+1} -> 1 | R1479: =(Q1479*100000)+#REF! -> #REF! | S1479: {=SUMPRODUCT(($G$2:$G$3094=G1479)*(R1479>$R$2:$R$3094))+1} -> #REF! | T1479: =_xlfn.CONCAT(IF(M1479="Flat",UPPER(I1479),I1479)," ",IF(J1479="Evening","†",IF(J1479="Floodlit","#",""))) -> Warwick | U1479: -2.25 | V1479: South | W1479: =YEAR(G1479) -> 2023
A1480: =IF(YEAR(G1480)=2024,#REF!,"") | B1480: =IF(YEAR(G1480)=2025,#REF!,"") | C1480: =J1480&G1480 | D1480: =IF('by region'!$C$2="Any","Any",List!V1480)&M1480&IF('by region'!$I$2="Any","Any",N1480)&G1480 -> AnyAny | E1480: =IF(I1480=#REF!,List!G1480,"") -> #REF! | F1480: =G1480&S1480 | P1480: =IF(J1480="Afternoon",1,IF(J1480="Evening",2,IF(J1480="Floodlit",3,4))) -> 4 | Q1480: {=SUMPRODUCT(($G$2:$G$3094=G1480)*(P1480>$P$2:$P$3094))+1} -> 1320 | R1480: =(Q1480*100000)+#REF! -> #REF! | W1480: =YEAR(G1480) -> 1900
A1481: =IF(YEAR(G1481)=2024,#REF!,"") | B1481: =IF(YEAR(G1481)=2025,#REF!,"") | C1481: =J1481&G1481 | D1481: =IF('by region'!$C$2="Any","Any",List!V1481)&M1481&IF('by region'!$I$2="Any","Any",N1481)&G1481 -> AnyAny | E1481: =IF(I1481=#REF!,List!G1481,"") -> #REF! | F1481: =G1481&S1481 | P1481: =IF(J1481="Afternoon",1,IF(J1481="Evening",2,IF(J1481="Floodlit",3,4))) -> 4 | Q1481: {=SUMPRODUCT(($G$2:$G$3094=G1481)*(P1481>$P$2:$P$3094))+1} -> 1320 | R1481: =(Q1481*100000)+#REF! -> #REF! | W1481: =YEAR(G1481) -> 1900
A1482: =IF(YEAR(G1482)=2024,#REF!,"") | B1482: =IF(YEAR(G1482)=2025,#REF!,"") | C1482: =J1482&G1482 | D1482: =IF('by region'!$C$2="Any","Any",List!V1482)&M1482&IF('by region'!$I$2="Any","Any",N1482)&G1482 -> AnyAny | E1482: =IF(I1482=#REF!,List!G1482,"") -> #REF! | F1482: =G1482&S1482 | P1482: =IF(J1482="Afternoon",1,IF(J1482="Evening",2,IF(J1482="Floodlit",3,4))) -> 4 | Q1482: {=SUMPRODUCT(($G$2:$G$3094=G1482)*(P1482>$P$2:$P$3094))+1} -> 1320 | R1482: =(Q1482*100000)+#REF! -> #REF! | W1482: =YEAR(G1482) -> 1900
A1483: =IF(YEAR(G1483)=2024,#REF!,"") | B1483: =IF(YEAR(G1483)=2025,#REF!,"") | C1483: =J1483&G1483 | D1483: =IF('by region'!$C$2="Any","Any",List!V1483)&M1483&IF('by region'!$I$2="Any","Any",N1483)&G1483 -> AnyAny | E1483: =IF(I1483=#REF!,List!G1483,"") -> #REF! | F1483: =G1483&S1483 | P1483: =IF(J1483="Afternoon",1,IF(J1483="Evening",2,IF(J1483="Floodlit",3,4))) -> 4 | Q1483: {=SUMPRODUCT(($G$2:$G$3094=G1483)*(P1483>$P$2:$P$3094))+1} -> 1320 | R1483: =(Q1483*100000)+#REF! -> #REF! | W1483: =YEAR(G1483) -> 1900
A1484: =IF(YEAR(G1484)=2024,#REF!,"") | B1484: =IF(YEAR(G1484)=2025,#REF!,"") | C1484: =J1484&G1484 | D1484: =IF('by region'!$C$2="Any","Any",List!V1484)&M1484&IF('by region'!$I$2="Any","Any",N1484)&G1484 -> AnyAny | E1484: =IF(I1484=#REF!,List!G1484,"") -> #REF! | F1484: =G1484&S1484 | P1484: =IF(J1484="Afternoon",1,IF(J1484="Evening",2,IF(J1484="Floodlit",3,4))) -> 4 | Q1484: {=SUMPRODUCT(($G$2:$G$3094=G1484)*(P1484>$P$2:$P$3094))+1} -> 1320 | R1484: =(Q1484*100000)+#REF! -> #REF! | W1484: =YEAR(G1484) -> 1900
A1485: =IF(YEAR(G1485)=2024,#REF!,"") | B1485: =IF(YEAR(G1485)=2025,#REF!,"") | C1485: =J1485&G1485 | D1485: =IF('by region'!$C$2="Any","Any",List!V1485)&M1485&IF('by region'!$I$2="Any","Any",N1485)&G1485 -> AnyAny | E1485: =IF(I1485=#REF!,List!G1485,"") -> #REF! | F1485: =G1485&S1485 | P1485: =IF(J1485="Afternoon",1,IF(J1485="Evening",2,IF(J1485="Floodlit",3,4))) -> 4 | Q1485: {=SUMPRODUCT(($G$2:$G$3094=G1485)*(P1485>$P$2:$P$3094))+1} -> 1320 | R1485: =(Q1485*100000)+#REF! -> #REF! | W1485: =YEAR(G1485) -> 1900
A1486: =IF(YEAR(G1486)=2024,#REF!,"") | B1486: =IF(YEAR(G1486)=2025,#REF!,"") | C1486: =J1486&G1486 | D1486: =IF('by region'!$C$2="Any","Any",List!V1486)&M1486&IF('by region'!$I$2="Any","Any",N1486)&G1486 -> AnyAny | E1486: =IF(I1486=#REF!,List!G1486,"") -> #REF! | F1486: =G1486&S1486 | P1486: =IF(J1486="Afternoon",1,IF(J1486="Evening",2,IF(J1486="Floodlit",3,4))) -> 4 | Q1486: {=SUMPRODUCT(($G$2:$G$3094=G1486)*(P1486>$P$2:$P$3094))+1} -> 1320 | R1486: =(Q1486*100000)+#REF! -> #REF! | W1486: =YEAR(G1486) -> 1900
A1487: =IF(YEAR(G1487)=2024,#REF!,"") | B1487: =IF(YEAR(G1487)=2025,#REF!,"") | C1487: =J1487&G1487 | D1487: =IF('by region'!$C$2="Any","Any",List!V1487)&M1487&IF('by region'!$I$2="Any","Any",N1487)&G1487 -> AnyAny | E1487: =IF(I1487=#REF!,List!G1487,"") -> #REF! | F1487: =G1487&S1487 | P1487: =IF(J1487="Afternoon",1,IF(J1487="Evening",2,IF(J1487="Floodlit",3,4))) -> 4 | Q1487: {=SUMPRODUCT(($G$2:$G$3094=G1487)*(P1487>$P$2:$P$3094))+1} -> 1320 | R1487: =(Q1487*100000)+#REF! -> #REF! | W1487: =YEAR(G1487) -> 1900
A1488: =IF(YEAR(G1488)=2024,#REF!,"") | B1488: =IF(YEAR(G1488)=2025,#REF!,"") | C1488: =J1488&G1488 | D1488: =IF('by region'!$C$2="Any","Any",List!V1488)&M1488&IF('by region'!$I$2="Any","Any",N1488)&G1488 -> AnyAny | E1488: =IF(I1488=#REF!,List!G1488,"") -> #REF! | F1488: =G1488&S1488 | P1488: =IF(J1488="Afternoon",1,IF(J1488="Evening",2,IF(J1488="Floodlit",3,4))) -> 4 | Q1488: {=SUMPRODUCT(($G$2:$G$3094=G1488)*(P1488>$P$2:$P$3094))+1} -> 1320 | R1488: =(Q1488*100000)+#REF! -> #REF! | W1488: =YEAR(G1488) -> 1900
A1489: =IF(YEAR(G1489)=2024,#REF!,"") | B1489: =IF(YEAR(G1489)=2025,#REF!,"") | C1489: =J1489&G1489 | D1489: =IF('by region'!$C$2="Any","Any",List!V1489)&M1489&IF('by region'!$I$2="Any","Any",N1489)&G1489 -> AnyAny | E1489: =IF(I1489=#REF!,List!G1489,"") -> #REF! | F1489: =G1489&S1489 | P1489: =IF(J1489="Afternoon",1,IF(J1489="Evening",2,IF(J1489="Floodlit",3,4))) -> 4 | Q1489: {=SUMPRODUCT(($G$2:$G$3094=G1489)*(P1489>$P$2:$P$3094))+1} -> 1320 | R1489: =(Q1489*100000)+#REF! -> #REF! | W1489: =YEAR(G1489) -> 1900
A1490: =IF(YEAR(G1490)=2024,#REF!,"") | B1490: =IF(YEAR(G1490)=2025,#REF!,"") | C1490: =J1490&G1490 | D1490: =IF('by region'!$C$2="Any","Any",List!V1490)&M1490&IF('by region'!$I$2="Any","Any",N1490)&G1490 -> AnyAny | E1490: =IF(I1490=#REF!,List!G1490,"") -> #REF! | F1490: =G1490&S1490 | P1490: =IF(J1490="Afternoon",1,IF(J1490="Evening",2,IF(J1490="Floodlit",3,4))) -> 4 | Q1490: {=SUMPRODUCT(($G$2:$G$3094=G1490)*(P1490>$P$2:$P$3094))+1} -> 1320 | R1490: =(Q1490*100000)+#REF! -> #REF! | W1490: =YEAR(G1490) -> 1900
A1491: =IF(YEAR(G1491)=2024,#REF!,"") | B1491: =IF(YEAR(G1491)=2025,#REF!,"") | C1491: =J1491&G1491 | D1491: =IF('by region'!$C$2="Any","Any",List!V1491)&M1491&IF('by region'!$I$2="Any","Any",N1491)&G1491 -> AnyAny | E1491: =IF(I1491=#REF!,List!G1491,"") -> #REF! | F1491: =G1491&S1491 | P1491: =IF(J1491="Afternoon",1,IF(J1491="Evening",2,IF(J1491="Floodlit",3,4))) -> 4 | Q1491: {=SUMPRODUCT(($G$2:$G$3094=G1491)*(P1491>$P$2:$P$3094))+1} -> 1320 | R1491: =(Q1491*100000)+#REF! -> #REF! | W1491: =YEAR(G1491) -> 1900
... A1508: =IF(YEAR(G1508)=2024,#REF!,"") | B1508: =IF(YEAR(G1508)=2025,#REF!,"") | C1508: =J1508&G1508 | D1508: =IF('by region'!$C$2="Any","Any",List!V1508)&M1508&IF('by region'!$I$2="Any","Any",N1508)&G1508 -> AnyAny | E1508: =IF(I1508=#REF!,List!G1508,"") -> #REF! | F1508: =G1508&S1508 | P1508: =IF(J1508="Afternoon",1,IF(J1508="Evening",2,IF(J1508="Floodlit",3,4))) -> 4 | Q1508: {=SUMPRODUCT(($G$2:$G$3094=G1508)*(P1508>$P$2:$P$3094))+1} -> 1320 | R1508: =(Q1508*100000)+#REF! -> #REF! | W1508: =YEAR(G1508) -> 1900
A1509: =IF(YEAR(G1509)=2024,#REF!,"") | B1509: =IF(YEAR(G1509)=2025,#REF!,"") | C1509: =J1509&G1509 | D1509: =IF('by region'!$C$2="Any","Any",List!V1509)&M1509&IF('by region'!$I$2="Any","Any",N1509)&G1509 -> AnyAny | E1509: =IF(I1509=#REF!,List!G1509,"") -> #REF! | F1509: =G1509&S1509 | P1509: =IF(J1509="Afternoon",1,IF(J1509="Evening",2,IF(J1509="Floodlit",3,4))) -> 4 | Q1509: {=SUMPRODUCT(($G$2:$G$3094=G1509)*(P1509>$P$2:$P$3094))+1} -> 1320 | R1509: =(Q1509*100000)+#REF! -> #REF!
A1510: =IF(YEAR(G1510)=2024,#REF!,"") | B1510: =IF(YEAR(G1510)=2025,#REF!,"") | C1510: =J1510&G1510 | D1510: =IF('by region'!$C$2="Any","Any",List!V1510)&M1510&IF('by region'!$I$2="Any","Any",N1510)&G1510 -> AnyAny | E1510: =IF(I1510=#REF!,List!G1510,"") -> #REF! | F1510: =G1510&S1510 | P1510: =IF(J1510="Afternoon",1,IF(J1510="Evening",2,IF(J1510="Floodlit",3,4))) -> 4 | Q1510: {=SUMPRODUCT(($G$2:$G$3094=G1510)*(P1510>$P$2:$P$3094))+1} -> 1320 | R1510: =(Q1510*100000)+#REF! -> #REF!
A1511: =IF(YEAR(G1511)=2024,#REF!,"") | B1511: =IF(YEAR(G1511)=2025,#REF!,"") | C1511: =J1511&G1511 | D1511: =IF('by region'!$C$2="Any","Any",List!V1511)&M1511&IF('by region'!$I$2="Any","Any",N1511)&G1511 -> AnyAny | E1511: =IF(I1511=#REF!,List!G1511,"") -> #REF! | F1511: =G1511&S1511 | P1511: =IF(J1511="Afternoon",1,IF(J1511="Evening",2,IF(J1511="Floodlit",3,4))) -> 4 | Q1511: {=SUMPRODUCT(($G$2:$G$3094=G1511)*(P1511>$P$2:$P$3094))+1} -> 1320 | R1511: =(Q1511*100000)+#REF! -> #REF!
A1512: =IF(YEAR(G1512)=2024,#REF!,"") | B1512: =IF(YEAR(G1512)=2025,#REF!,"") | C1512: =J1512&G1512 | D1512: =IF('by region'!$C$2="Any","Any",List!V1512)&M1512&IF('by region'!$I$2="Any","Any",N1512)&G1512 -> AnyAny | E1512: =IF(I1512=#REF!,List!G1512,"") -> #REF! | F1512: =G1512&S1512 | P1512: =IF(J1512="Afternoon",1,IF(J1512="Evening",2,IF(J1512="Floodlit",3,4))) -> 4 | Q1512: {=SUMPRODUCT(($G$2:$G$3094=G1512)*(P1512>$P$2:$P$3094))+1} -> 1320 | R1512: =(Q1512*100000)+#REF! -> #REF!
A1513: =IF(YEAR(G1513)=2024,#REF!,"") | B1513: =IF(YEAR(G1513)=2025,#REF!,"") | C1513: =J1513&G1513 | D1513: =IF('by region'!$C$2="Any","Any",List!V1513)&M1513&IF('by region'!$I$2="Any","Any",N1513)&G1513 -> AnyAny | E1513: =IF(I1513=#REF!,List!G1513,"") -> #REF! | F1513: =G1513&S1513 | P1513: =IF(J1513="Afternoon",1,IF(J1513="Evening",2,IF(J1513="Floodlit",3,4))) -> 4 | Q1513: {=SUMPRODUCT(($G$2:$G$3094=G1513)*(P1513>$P$2:$P$3094))+1} -> 1320 | R1513: =(Q1513*100000)+#REF! -> #REF!
A1514: =IF(YEAR(G1514)=2024,#REF!,"") | B1514: =IF(YEAR(G1514)=2025,#REF!,"") | C1514: =J1514&G1514 | D1514: =IF('by region'!$C$2="Any","Any",List!V1514)&M1514&IF('by region'!$I$2="Any","Any",N1514)&G1514 -> AnyAny | E1514: =IF(I1514=#REF!,List!G1514,"") -> #REF! | F1514: =G1514&S1514 | P1514: =IF(J1514="Afternoon",1,IF(J1514="Evening",2,IF(J1514="Floodlit",3,4))) -> 4 | Q1514: {=SUMPRODUCT(($G$2:$G$3094=G1514)*(P1514>$P$2:$P$3094))+1} -> 1320 | R1514: =(Q1514*100000)+#REF! -> #REF!
A1515: =IF(YEAR(G1515)=2024,#REF!,"") | B1515: =IF(YEAR(G1515)=2025,#REF!,"") | C1515: =J1515&G1515 | D1515: =IF('by region'!$C$2="Any","Any",List!V1515)&M1515&IF('by region'!$I$2="Any","Any",N1515)&G1515 -> AnyAny | E1515: =IF(I1515=#REF!,List!G1515,"") -> #REF! | F1515: =G1515&S1515 | P1515: =IF(J1515="Afternoon",1,IF(J1515="Evening",2,IF(J1515="Floodlit",3,4))) -> 4 | Q1515: {=SUMPRODUCT(($G$2:$G$3094=G1515)*(P1515>$P$2:$P$3094))+1} -> 1320 | R1515: =(Q1515*100000)+#REF! -> #REF!
P1516: =IF(J1516="Afternoon",1,IF(J1516="Evening",2,IF(J1516="Floodlit",3,4))) -> 4 | Q1516: {=SUMPRODUCT(($G$2:$G$3094=G1516)*(P1516>$P$2:$P$3094))+1} -> 1320 | R1516: =(Q1516*100000)+#REF! -> #REF!
P1517: =IF(J1517="Afternoon",1,IF(J1517="Evening",2,IF(J1517="Floodlit",3,4))) -> 4 | Q1517: {=SUMPRODUCT(($G$2:$G$3094=G1517)*(P1517>$P$2:$P$3094))+1} -> 1320 | R1517: =(Q1517*100000)+#REF! -> #REF!
P1518: =IF(J1518="Afternoon",1,IF(J1518="Evening",2,IF(J1518="Floodlit",3,4))) -> 4 | Q1518: {=SUMPRODUCT(($G$2:$G$3094=G1518)*(P1518>$P$2:$P$3094))+1} -> 1320 | R1518: =(Q1518*100000)+#REF! -> #REF!
P1519: =IF(J1519="Afternoon",1,IF(J1519="Evening",2,IF(J1519="Floodlit",3,4))) -> 4 | Q1519: {=SUMPRODUCT(($G$2:$G$3094=G1519)*(P1519>$P$2:$P$3094))+1} -> 1320 | R1519: =(Q1519*100000)+#REF! -> #REF!
P1520: =IF(J1520="Afternoon",1,IF(J1520="Evening",2,IF(J1520="Floodlit",3,4))) -> 4 | Q1520: {=SUMPRODUCT(($G$2:$G$3094=G1520)*(P1520>$P$2:$P$3094))+1} -> 1320 | R1520: =(Q1520*100000)+#REF! -> #REF!
P1521: =IF(J1521="Afternoon",1,IF(J1521="Evening",2,IF(J1521="Floodlit",3,4))) -> 4 | Q1521: {=SUMPRODUCT(($G$2:$G$3094=G1521)*(P1521>$P$2:$P$3094))+1} -> 1320 | R1521: =(Q1521*100000)+#REF! -> #REF!
P1522: =IF(J1522="Afternoon",1,IF(J1522="Evening",2,IF(J1522="Floodlit",3,4))) -> 4 | Q1522: {=SUMPRODUCT(($G$2:$G$3094=G1522)*(P1522>$P$2:$P$3094))+1} -> 1320 | R1522: =(Q1522*100000)+#REF! -> #REF!
P1523: =IF(J1523="Afternoon",1,IF(J1523="Evening",2,IF(J1523="Floodlit",3,4))) -> 4 | Q1523: {=SUMPRODUCT(($G$2:$G$3094=G1523)*(P1523>$P$2:$P$3094))+1} -> 1320 | R1523: =(Q1523*100000)+#REF! -> #REF!
P1524: =IF(J1524="Afternoon",1,IF(J1524="Evening",2,IF(J1524="Floodlit",3,4))) -> 4 | Q1524: {=SUMPRODUCT(($G$2:$G$3094=G1524)*(P1524>$P$2:$P$3094))+1} -> 1320 | R1524: =(Q1524*100000)+#REF! -> #REF!
P1525: =IF(J1525="Afternoon",1,IF(J1525="Evening",2,IF(J1525="Floodlit",3,4))) -> 4 | Q1525: {=SUMPRODUCT(($G$2:$G$3094=G1525)*(P1525>$P$2:$P$3094))+1} -> 1320 | R1525: =(Q1525*100000)+#REF! -> #REF!
P1526: =IF(J1526="Afternoon",1,IF(J1526="Evening",2,IF(J1526="Floodlit",3,4))) -> 4 | Q1526: {=SUMPRODUCT(($G$2:$G$3094=G1526)*(P1526>$P$2:$P$3094))+1} -> 1320 | R1526: =(Q1526*100000)+#REF! -> #REF!
P1527: =IF(J1527="Afternoon",1,IF(J1527="Evening",2,IF(J1527="Floodlit",3,4))) -> 4 | Q1527: {=SUMPRODUCT(($G$2:$G$3094=G1527)*(P1527>$P$2:$P$3094))+1} -> 1320 | R1527: =(Q1527*100000)+#REF! -> #REF!
... P1775: =IF(J1775="Afternoon",1,IF(J1775="Evening",2,IF(J1775="Floodlit",3,4))) -> 4 | Q1775: {=SUMPRODUCT(($G$2:$G$3094=G1775)*(P1775>$P$2:$P$3094))+1} -> 1320 | R1775: =(Q1775*100000)+#REF! -> #REF!

Sheet Turf only
A1: 2024 lu | B1: 2025 lu | C1: Criteria LU | D1: Region LU | E1: Racecourse LU | F1: Overview LU | G1: Date | H1: Weekday | I1: Course | J1: Time | K1: CourseGroup | L1: Region | M1: Code | N1: Surface | O1: Type | P1: pn | Q1: pr | R1: adj_fId | S1: rn | T1: x | U1: Clash | V1: region | W1: Year
A2: =IF(YEAR(G2)=2024,#REF!,"") | B2: =IF(YEAR(G2)=2025,#REF!,"") | C2: =J2&G2 -> Afternoon44927 | D2: =IF('by region'!$C$2="Any","Any",'Turf only'!V2)&M2&IF('by region'!$I$2="Any","Any",N2)&G2 -> AnyJumpAny44927 | E2: =IF(I2=#REF!,'Turf only'!G2,"") -> #REF! | F2: =G2&S2 -> #REF! | G2: 44927 | H2: Sunday | I2: Catterick Bridge | J2: Afternoon | K2: Independent | L2: North | M2: Jump | N2: Turf | O2: Racecourse/Normal | P2: =IF(J2="Afternoon",1,IF(J2="Evening",2,IF(J2="Floodlit",3,4))) -> 1 | Q2: {=SUMPRODUCT(($G$2:$G$2765=G2)*(P2>$P$2:$P$2765))+1} -> 1 | R2: =(Q2*100000)+#REF! -> #REF! | S2: {=SUMPRODUCT(($G$2:$G$2765=G2)*(R2>$R$2:$R$2765))+1} -> #REF! | T2: =_xlfn.CONCAT(IF(M2="Flat",UPPER(I2),I2)," ",IF(J2="Evening","†",IF(J2="Floodlit","#",""))) -> Catterick Bridge | U2: 0 | V2: NULL | W2: =YEAR(G2) -> 2023
A3: =IF(YEAR(G3)=2024,#REF!,"") | B3: =IF(YEAR(G3)=2025,#REF!,"") | C3: =J3&G3 -> Afternoon44927 | D3: =IF('by region'!$C$2="Any","Any",'Turf only'!V3)&M3&IF('by region'!$I$2="Any","Any",N3)&G3 -> AnyJumpAny44927 | E3: =IF(I3=#REF!,'Turf only'!G3,"") -> #REF! | F3: =G3&S3 -> #REF! | G3: 44927 | H3: Sunday | I3: Cheltenham | J3: Afternoon | K3: JCR | L3: Midlands | M3: Jump | N3: Turf | O3: Racecourse/Normal | P3: =IF(J3="Afternoon",1,IF(J3="Evening",2,IF(J3="Floodlit",3,4))) -> 1 | Q3: {=SUMPRODUCT(($G$2:$G$2765=G3)*(P3>$P$2:$P$2765))+1} -> 1 | R3: =(Q3*100000)+#REF! -> #REF! | S3: {=SUMPRODUCT(($G$2:$G$2765=G3)*(R3>$R$2:$R$2765))+1} -> #REF! | T3: =_xlfn.CONCAT(IF(M3="Flat",UPPER(I3),I3)," ",IF(J3="Evening","†",IF(J3="Floodlit","#",""))) -> Cheltenham | U3: 0 | V3: South | W3: =YEAR(G3) -> 2023
A4: =IF(YEAR(G4)=2024,#REF!,"") | B4: =IF(YEAR(G4)=2025,#REF!,"") | C4: =J4&G4 -> Afternoon44927 | D4: =IF('by region'!$C$2="Any","Any",'Turf only'!V4)&M4&IF('by region'!$I$2="Any","Any",N4)&G4 -> AnyJumpAny44927 | E4: =IF(I4=#REF!,'Turf only'!G4,"") -> #REF! | F4: =G4&S4 -> #REF! | G4: 44927 | H4: Sunday | I4: Exeter | J4: Afternoon | K4: JCR | L4: South | M4: Jump | N4: Turf | O4: Racecourse/Normal | P4: =IF(J4="Afternoon",1,IF(J4="Evening",2,IF(J4="Floodlit",3,4))) -> 1 | Q4: {=SUMPRODUCT(($G$2:$G$2765=G4)*(P4>$P$2:$P$2765))+1} -> 1 | R4: =(Q4*100000)+#REF! -> #REF! | S4: {=SUMPRODUCT(($G$2:$G$2765=G4)*(R4>$R$2:$R$2765))+1} -> #REF! | T4: =_xlfn.CONCAT(IF(M4="Flat",UPPER(I4),I4)," ",IF(J4="Evening","†",IF(J4="Floodlit","#",""))) -> Exeter | U4: 0 | V4: Midlands | W4: =YEAR(G4) -> 2023
A5: =IF(YEAR(G5)=2024,#REF!,"") | B5: =IF(YEAR(G5)=2025,#REF!,"") | C5: =J5&G5 -> Afternoon44927 | D5: =IF('by region'!$C$2="Any","Any",'Turf only'!V5)&M5&IF('by region'!$I$2="Any","Any",N5)&G5 -> AnyJumpAny44927 | E5: =IF(I5=#REF!,'Turf only'!G5,"") -> #REF! | F5: =G5&S5 -> #REF! | G5: 44927 | H5: Sunday | I5: Fakenham | J5: Afternoon | K5: Independent | L5: Midlands | M5: Jump | N5: Turf | O5: National/BHA | P5: =IF(J5="Afternoon",1,IF(J5="Evening",2,IF(J5="Floodlit",3,4))) -> 1 | Q5: {=SUMPRODUCT(($G$2:$G$2765=G5)*(P5>$P$2:$P$2765))+1} -> 1 | R5: =(Q5*100000)+#REF! -> #REF! | S5: {=SUMPRODUCT(($G$2:$G$2765=G5)*(R5>$R$2:$R$2765))+1} -> #REF! | T5: =_xlfn.CONCAT(IF(M5="Flat",UPPER(I5),I5)," ",IF(J5="Evening","†",IF(J5="Floodlit","#",""))) -> Fakenham | U5: 0 | V5: North | W5: =YEAR(G5) -> 2023
A6: =IF(YEAR(G6)=2024,#REF!,"") | B6: =IF(YEAR(G6)=2025,#REF!,"") | C6: =J6&G6 -> Afternoon44927 | D6: =IF('by region'!$C$2="Any","Any",'Turf only'!V6)&M6&IF('by region'!$I$2="Any","Any",N6)&G6 -> AnyJumpAny44927 | E6: =IF(I6=#REF!,'Turf only'!G6,"") -> #REF! | F6: =G6&S6 -> #REF! | G6: 44927 | H6: Sunday | I6: Musselburgh | J6: Afternoon | K6: Independent | L6: North | M6: Jump | N6: Turf | O6: National/BHA | P6: =IF(J6="Afternoon",1,IF(J6="Evening",2,IF(J6="Floodlit",3,4))) -> 1 | Q6: {=SUMPRODUCT(($G$2:$G$2765=G6)*(P6>$P$2:$P$2765))+1} -> 1 | R6: =(Q6*100000)+#REF! -> #REF! | S6: {=SUMPRODUCT(($G$2:$G$2765=G6)*(R6>$R$2:$R$2765))+1} -> #REF! | T6: =_xlfn.CONCAT(IF(M6="Flat",UPPER(I6),I6)," ",IF(J6="Evening","†",IF(J6="Floodlit","#",""))) -> Musselburgh | U6: 0 | V6: NULL | W6: =YEAR(G6) -> 2023
A7: =IF(YEAR(G7)=2024,#REF!,"") | B7: =IF(YEAR(G7)=2025,#REF!,"") | C7: =J7&G7 -> Afternoon44928 | D7: =IF('by region'!$C$2="Any","Any",'Turf only'!V7)&M7&IF('by region'!$I$2="Any","Any",N7)&G7 -> AnyJumpAny44928 | E7: =IF(I7=#REF!,'Turf only'!G7,"") -> #REF! | F7: =G7&S7 -> #REF! | G7: 44928 | H7: Monday | I7: Ayr | J7: Afternoon | K7: Independent | L7: North | M7: Jump | N7: Turf | O7: Racecourse/Normal | P7: =IF(J7="Afternoon",1,IF(J7="Evening",2,IF(J7="Floodlit",3,4))) -> 1 | Q7: {=SUMPRODUCT(($G$2:$G$2765=G7)*(P7>$P$2:$P$2765))+1} -> 1 | R7: =(Q7*100000)+#REF! -> #REF! | S7: {=SUMPRODUCT(($G$2:$G$2765=G7)*(R7>$R$2:$R$2765))+1} -> #REF! | T7: =_xlfn.CONCAT(IF(M7="Flat",UPPER(I7),I7)," ",IF(J7="Evening","†",IF(J7="Floodlit","#",""))) -> Ayr | U7: 0 | V7: South | W7: =YEAR(G7) -> 2023
A8: =IF(YEAR(G8)=2024,#REF!,"") | B8: =IF(YEAR(G8)=2025,#REF!,"") | C8: =J8&G8 -> Afternoon44928 | D8: =IF('by region'!$C$2="Any","Any",'Turf only'!V8)&M8&IF('by region'!$I$2="Any","Any",N8)&G8 -> AnyJumpAny44928 | E8: =IF(I8=#REF!,'Turf only'!G8,"") -> #REF! | F8: =G8&S8 -> #REF! | G8: 44928 | H8: Monday | I8: Plumpton | J8: Afternoon | K8: Independent | L8: South | M8: Jump | N8: Turf | O8: Racecourse/Normal | P8: =IF(J8="Afternoon",1,IF(J8="Evening",2,IF(J8="Floodlit",3,4))) -> 1 | Q8: {=SUMPRODUCT(($G$2:$G$2765=G8)*(P8>$P$2:$P$2765))+1} -> 1 | R8: =(Q8*100000)+#REF! -> #REF! | S8: {=SUMPRODUCT(($G$2:$G$2765=G8)*(R8>$R$2:$R$2765))+1} -> #REF! | T8: =_xlfn.CONCAT(IF(M8="Flat",UPPER(I8),I8)," ",IF(J8="Evening","†",IF(J8="Floodlit","#",""))) -> Plumpton | U8: 1 | V8: North | W8: =YEAR(G8) -> 2023
A9: =IF(YEAR(G9)=2024,#REF!,"") | B9: =IF(YEAR(G9)=2025,#REF!,"") | C9: =J9&G9 -> Afternoon44929 | D9: =IF('by region'!$C$2="Any","Any",'Turf only'!V9)&M9&IF('by region'!$I$2="Any","Any",N9)&G9 -> AnyJumpAny44929 | E9: =IF(I9=#REF!,'Turf only'!G9,"") -> #REF! | F9: =G9&S9 -> #REF! | G9: 44929 | H9: Tuesday | I9: Musselburgh | J9: Afternoon | K9: Independent | L9: North | M9: Jump | N9: Turf | O9: National/BHA | P9: =IF(J9="Afternoon",1,IF(J9="Evening",2,IF(J9="Floodlit",3,4))) -> 1 | Q9: {=SUMPRODUCT(($G$2:$G$2765=G9)*(P9>$P$2:$P$2765))+1} -> 1 | R9: =(Q9*100000)+#REF! -> #REF! | S9: {=SUMPRODUCT(($G$2:$G$2765=G9)*(R9>$R$2:$R$2765))+1} -> #REF! | T9: =_xlfn.CONCAT(IF(M9="Flat",UPPER(I9),I9)," ",IF(J9="Evening","†",IF(J9="Floodlit","#",""))) -> Musselburgh | U9: 1 | V9: North | W9: =YEAR(G9) -> 2023
A10: =IF(YEAR(G10)=2024,#REF!,"") | B10: =IF(YEAR(G10)=2025,#REF!,"") | C10: =J10&G10 -> Afternoon44930 | D10: =IF('by region'!$C$2="Any","Any",'Turf only'!V10)&M10&IF('by region'!$I$2="Any","Any",N10)&G10 -> AnyJumpAny44930 | E10: =IF(I10=#REF!,'Turf only'!G10,"") -> #REF! | F10: =G10&S10 -> #REF! | G10: 44930 | H10: Wednesday | I10: Hereford | J10: Afternoon | K10: ARC | L10: Midlands | M10: Jump | N10: Turf | O10: Racecourse/Normal | P10: =IF(J10="Afternoon",1,IF(J10="Evening",2,IF(J10="Floodlit",3,4))) -> 1 | Q10: {=SUMPRODUCT(($G$2:$G$2765=G10)*(P10>$P$2:$P$2765))+1} -> 1 | R10: =(Q10*100000)+#REF! -> #REF! | S10: {=SUMPRODUCT(($G$2:$G$2765=G10)*(R10>$R$2:$R$2765))+1} -> #REF! | T10: =_xlfn.CONCAT(IF(M10="Flat",UPPER(I10),I10)," ",IF(J10="Evening","†",IF(J10="Floodlit","#",""))) -> Hereford | U10: 0 | V10: South | W10: =YEAR(G10) -> 2023
A11: =IF(YEAR(G11)=2024,#REF!,"") | B11: =IF(YEAR(G11)=2025,#REF!,"") | C11: =J11&G11 -> Afternoon44931 | D11: =IF('by region'!$C$2="Any","Any",'Turf only'!V11)&M11&IF('by region'!$I$2="Any","Any",N11)&G11 -> AnyJumpAny44931 | E11: =IF(I11=#REF!,'Turf only'!G11,"") -> #REF! | F11: =G11&S11 -> #REF! | G11: 44931 | H11: Thursday | I11: Ffos Las | J11: Afternoon | K11: ARC | L11: South | M11: Jump | N11: Turf | O11: National/BHA | P11: =IF(J11="Afternoon",1,IF(J11="Evening",2,IF(J11="Floodlit",3,4))) -> 1 | Q11: {=SUMPRODUCT(($G$2:$G$2765=G11)*(P11>$P$2:$P$2765))+1} -> 1 | R11: =(Q11*100000)+#REF! -> #REF! | S11: {=SUMPRODUCT(($G$2:$G$2765=G11)*(R11>$R$2:$R$2765))+1} -> #REF! | T11: =_xlfn.CONCAT(IF(M11="Flat",UPPER(I11),I11)," ",IF(J11="Evening","†",IF(J11="Floodlit","#",""))) -> Ffos Las | U11: 0 | V11: South | W11: =YEAR(G11) -> 2023
A12: =IF(YEAR(G12)=2024,#REF!,"") | B12: =IF(YEAR(G12)=2025,#REF!,"") | C12: =J12&G12 -> Afternoon44932 | D12: =IF('by region'!$C$2="Any","Any",'Turf only'!V12)&M12&IF('by region'!$I$2="Any","Any",N12)&G12 -> AnyJumpAny44932 | E12: =IF(I12=#REF!,'Turf only'!G12,"") -> #REF! | F12: =G12&S12 -> #REF! | G12: 44932 | H12: Friday | I12: Ludlow | J12: Afternoon | K12: Independent | L12: Midlands | M12: Jump | N12: Turf | O12: National/BHA | P12: =IF(J12="Afternoon",1,IF(J12="Evening",2,IF(J12="Floodlit",3,4))) -> 1 | Q12: {=SUMPRODUCT(($G$2:$G$2765=G12)*(P12>$P$2:$P$2765))+1} -> 1 | R12: =(Q12*100000)+#REF! -> #REF! | S12: {=SUMPRODUCT(($G$2:$G$2765=G12)*(R12>$R$2:$R$2765))+1} -> #REF! | T12: =_xlfn.CONCAT(IF(M12="Flat",UPPER(I12),I12)," ",IF(J12="Evening","†",IF(J12="Floodlit","#",""))) -> Ludlow | U12: 0 | V12: South | W12: =YEAR(G12) -> 2023
A13: =IF(YEAR(G13)=2024,#REF!,"") | B13: =IF(YEAR(G13)=2025,#REF!,"") | C13: =J13&G13 -> Afternoon44933 | D13: =IF('by region'!$C$2="Any","Any",'Turf only'!V13)&M13&IF('by region'!$I$2="Any","Any",N13)&G13 -> AnyJumpAny44933 | E13: =IF(I13=#REF!,'Turf only'!G13,"") -> #REF! | F13: =G13&S13 -> #REF! | G13: 44933 | H13: Saturday | I13: Newcastle | J13: Afternoon | K13: ARC | L13: North | M13: Jump | N13: Turf | O13: Racecourse/Normal | P13: =IF(J13="Afternoon",1,IF(J13="Evening",2,IF(J13="Floodlit",3,4))) -> 1 | Q13: {=SUMPRODUCT(($G$2:$G$2765=G13)*(P13>$P$2:$P$2765))+1} -> 1 | R13: =(Q13*100000)+#REF! -> #REF! | S13: {=SUMPRODUCT(($G$2:$G$2765=G13)*(R13>$R$2:$R$2765))+1} -> #REF! | T13: =_xlfn.CONCAT(IF(M13="Flat",UPPER(I13),I13)," ",IF(J13="Evening","†",IF(J13="Floodlit","#",""))) -> Newcastle | U13: 0 | V13: Midlands | W13: =YEAR(G13) -> 2023
... A19: =IF(YEAR(G19)=2024,#REF!,"") | B19: =IF(YEAR(G19)=2025,#REF!,"") | C19: =J19&G19 -> Afternoon44936 | D19: =IF('by region'!$C$2="Any","Any",'Turf only'!V19)&M19&IF('by region'!$I$2="Any","Any",N19)&G19 -> AnyJumpAny44936 | E19: =IF(I19=#REF!,'Turf only'!G19,"") -> #REF! | F19: =G19&S19 -> #REF! | G19: 44936 | H19: Tuesday | I19: Doncaster | J19: Afternoon | K19: ARC | L19: North | M19: Jump | N19: Turf | O19: National/BHA | P19: =IF(J19="Afternoon",1,IF(J19="Evening",2,IF(J19="Floodlit",3,4))) -> 1 | Q19: {=SUMPRODUCT(($G$2:$G$2765=G19)*(P19>$P$2:$P$2765))+1} -> 1 | R19: =(Q19*100000)+#REF! -> #REF! | S19: {=SUMPRODUCT(($G$2:$G$2765=G19)*(R19>$R$2:$R$2765))+1} -> #REF! | T19: =_xlfn.CONCAT(IF(M19="Flat",UPPER(I19),I19)," ",IF(J19="Evening","†",IF(J19="Floodlit","#",""))) -> Doncaster | U19: 0 | V19: South | W19: =YEAR(G19) -> 2023
A20: =IF(YEAR(G20)=2024,#REF!,"") | B20: =IF(YEAR(G20)=2025,#REF!,"") | C20: =J20&G20 -> Afternoon44936 | D20: =IF('by region'!$C$2="Any","Any",'Turf only'!V20)&M20&IF('by region'!$I$2="Any","Any",N20)&G20 -> AnyJumpAny44936 | F20: =G20&S20 -> #REF! | G20: 44936 | H20: Tuesday | I20: Exeter | J20: Afternoon | K20: JCR | L20: South | M20: Jump | N20: Turf | O20: National/BHA | P20: =IF(J20="Afternoon",1,IF(J20="Evening",2,IF(J20="Floodlit",3,4))) -> 1 | Q20: {=SUMPRODUCT(($G$2:$G$2765=G20)*(P20>$P$2:$P$2765))+1} -> 1 | R20: =(Q20*100000)+#REF! -> #REF! | S20: {=SUMPRODUCT(($G$2:$G$2765=G20)*(R20>$R$2:$R$2765))+1} -> #REF! | T20: =_xlfn.CONCAT(IF(M20="Flat",UPPER(I20),I20)," ",IF(J20="Evening","†",IF(J20="Floodlit","#",""))) -> Exeter | U20: 0 | V20: North | W20: =YEAR(G20) -> 2023
A21: =IF(YEAR(G21)=2024,#REF!,"") | B21: =IF(YEAR(G21)=2025,#REF!,"") | C21: =J21&G21 -> Afternoon44937 | D21: =IF('by region'!$C$2="Any","Any",'Turf only'!V21)&M21&IF('by region'!$I$2="Any","Any",N21)&G21 -> AnyJumpAny44937 | E21: =IF(I21=#REF!,'Turf only'!G21,"") -> #REF! | F21: =G21&S21 -> #REF! | G21: 44937 | H21: Wednesday | I21: Leicester | J21: Afternoon | K21: Independent | L21: Midlands | M21: Jump | N21: Turf | O21: Racecourse/Normal | P21: =IF(J21="Afternoon",1,IF(J21="Evening",2,IF(J21="Floodlit",3,4))) -> 1 | Q21: {=SUMPRODUCT(($G$2:$G$2765=G21)*(P21>$P$2:$P$2765))+1} -> 1 | R21: =(Q21*100000)+#REF! -> #REF! | S21: {=SUMPRODUCT(($G$2:$G$2765=G21)*(R21>$R$2:$R$2765))+1} -> #REF! | T21: =_xlfn.CONCAT(IF(M21="Flat",UPPER(I21),I21)," ",IF(J21="Evening","†",IF(J21="Floodlit","#",""))) -> Leicester | U21: 0 | V21: North | W21: =YEAR(G21) -> 2023
A22: =IF(YEAR(G22)=2024,#REF!,"") | B22: =IF(YEAR(G22)=2025,#REF!,"") | C22: =J22&G22 -> Afternoon44938 | D22: =IF('by region'!$C$2="Any","Any",'Turf only'!V22)&M22&IF('by region'!$I$2="Any","Any",N22)&G22 -> AnyJumpAny44938 | E22: =IF(I22=#REF!,'Turf only'!G22,"") -> #REF! | F22: =G22&S22 -> #REF! | G22: 44938 | H22: Thursday | I22: Bangor-On-Dee | J22: Afternoon | K22: Independent | L22: Midlands | M22: Jump | N22: Turf | O22: National/BHA | P22: =IF(J22="Afternoon",1,IF(J22="Evening",2,IF(J22="Floodlit",3,4))) -> 1 | Q22: {=SUMPRODUCT(($G$2:$G$2765=G22)*(P22>$P$2:$P$2765))+1} -> 1 | R22: =(Q22*100000)+#REF! -> #REF! | S22: {=SUMPRODUCT(($G$2:$G$2765=G22)*(R22>$R$2:$R$2765))+1} -> #REF! | T22: =_xlfn.CONCAT(IF(M22="Flat",UPPER(I22),I22)," ",IF(J22="Evening","†",IF(J22="Floodlit","#",""))) -> Bangor-On-Dee | U22: 0 | V22: Midlands | W22: =YEAR(G22) -> 2023
A23: =IF(YEAR(G23)=2024,#REF!,"") | B23: =IF(YEAR(G23)=2025,#REF!,"") | C23: =J23&G23 -> Afternoon44938 | D23: =IF('by region'!$C$2="Any","Any",'Turf only'!V23)&M23&IF('by region'!$I$2="Any","Any",N23)&G23 -> AnyJumpAny44938 | E23: =IF(I23=#REF!,'Turf only'!G23,"") -> #REF! | F23: =G23&S23 -> #REF! | G23: 44938 | H23: Thursday | I23: Catterick Bridge | J23: Afternoon | K23: Independent | L23: North | M23: Jump | N23: Turf | O23: Racecourse/Normal | P23: =IF(J23="Afternoon",1,IF(J23="Evening",2,IF(J23="Floodlit",3,4))) -> 1 | Q23: {=SUMPRODUCT(($G$2:$G$2765=G23)*(P23>$P$2:$P$2765))+1} -> 1 | R23: =(Q23*100000)+#REF! -> #REF! | S23: {=SUMPRODUCT(($G$2:$G$2765=G23)*(R23>$R$2:$R$2765))+1} -> #REF! | T23: =_xlfn.CONCAT(IF(M23="Flat",UPPER(I23),I23)," ",IF(J23="Evening","†",IF(J23="Floodlit","#",""))) -> Catterick Bridge | U23: 0 | V23: South | W23: =YEAR(G23) -> 2023
A24: =IF(YEAR(G24)=2024,#REF!,"") | B24: =IF(YEAR(G24)=2025,#REF!,"") | C24: =J24&G24 -> Afternoon44939 | D24: =IF('by region'!$C$2="Any","Any",'Turf only'!V24)&M24&IF('by region'!$I$2="Any","Any",N24)&G24 -> AnyJumpAny44939 | E24: =IF(I24=#REF!,'Turf only'!G24,"") -> #REF! | F24: =G24&S24 -> #REF! | G24: 44939 | H24: Friday | I24: Huntingdon | J24: Afternoon | K24: JCR | L24: Midlands | M24: Jump | N24: Turf | O24: Racecourse/Normal | P24: =IF(J24="Afternoon",1,IF(J24="Evening",2,IF(J24="Floodlit",3,4))) -> 1 | Q24: {=SUMPRODUCT(($G$2:$G$2765=G24)*(P24>$P$2:$P$2765))+1} -> 1 | R24: =(Q24*100000)+#REF! -> #REF! | S24: {=SUMPRODUCT(($G$2:$G$2765=G24)*(R24>$R$2:$R$2765))+1} -> #REF! | T24: =_xlfn.CONCAT(IF(M24="Flat",UPPER(I24),I24)," ",IF(J24="Evening","†",IF(J24="Floodlit","#",""))) -> Huntingdon | U24: 0 | V24: North | W24: =YEAR(G24) -> 2023
A25: =IF(YEAR(G25)=2024,#REF!,"") | B25: =IF(YEAR(G25)=2025,#REF!,"") | C25: =J25&G25 -> Afternoon44939 | D25: =IF('by region'!$C$2="Any","Any",'Turf only'!V25)&M25&IF('by region'!$I$2="Any","Any",N25)&G25 -> AnyJumpAny44939 | E25: =IF(I25=#REF!,'Turf only'!G25,"") -> #REF! | F25: =G25&S25 -> #REF! | G25: 44939 | H25: Friday | I25: Sedgefield | J25: Afternoon | K25: ARC | L25: North | M25: Jump | N25: Turf | O25: National/BHA | P25: =IF(J25="Afternoon",1,IF(J25="Evening",2,IF(J25="Floodlit",3,4))) -> 1 | Q25: {=SUMPRODUCT(($G$2:$G$2765=G25)*(P25>$P$2:$P$2765))+1} -> 1 | R25: =(Q25*100000)+#REF! -> #REF! | S25: {=SUMPRODUCT(($G$2:$G$2765=G25)*(R25>$R$2:$R$2765))+1} -> #REF! | T25: =_xlfn.CONCAT(IF(M25="Flat",UPPER(I25),I25)," ",IF(J25="Evening","†",IF(J25="Floodlit","#",""))) -> Sedgefield | U25: 0 | V25: Midlands | W25: =YEAR(G25) -> 2023
A26: =IF(YEAR(G26)=2024,#REF!,"") | B26: =IF(YEAR(G26)=2025,#REF!,"") | C26: =J26&G26 -> Afternoon44940 | D26: =IF('by region'!$C$2="Any","Any",'Turf only'!V26)&M26&IF('by region'!$I$2="Any","Any",N26)&G26 -> AnyJumpAny44940 | E26: =IF(I26=#REF!,'Turf only'!G26,"") -> #REF! | F26: =G26&S26 -> #REF! | G26: 44940 | H26: Saturday | I26: Kempton Park | J26: Afternoon | K26: JCR | L26: South | M26: Jump | N26: Turf | O26: Racecourse/Normal | P26: =IF(J26="Afternoon",1,IF(J26="Evening",2,IF(J26="Floodlit",3,4))) -> 1 | Q26: {=SUMPRODUCT(($G$2:$G$2765=G26)*(P26>$P$2:$P$2765))+1} -> 1 | R26: =(Q26*100000)+#REF! -> #REF! | S26: {=SUMPRODUCT(($G$2:$G$2765=G26)*(R26>$R$2:$R$2765))+1} -> #REF! | T26: =_xlfn.CONCAT(IF(M26="Flat",UPPER(I26),I26)," ",IF(J26="Evening","†",IF(J26="Floodlit","#",""))) -> Kempton Park | U26: 0 | V26: NULL | W26: =YEAR(G26) -> 2023
A27: =IF(YEAR(G27)=2024,#REF!,"") | B27: =IF(YEAR(G27)=2025,#REF!,"") | C27: =J27&G27 -> Afternoon44940 | D27: =IF('by region'!$C$2="Any","Any",'Turf only'!V27)&M27&IF('by region'!$I$2="Any","Any",N27)&G27 -> AnyJumpAny44940 | E27: =IF(I27=#REF!,'Turf only'!G27,"") -> #REF! | F27: =G27&S27 -> #REF! | G27: 44940 | H27: Saturday | I27: Warwick | J27: Afternoon | K27: JCR | L27: Midlands | M27: Jump | N27: Turf | O27: Racecourse/Normal | P27: =IF(J27="Afternoon",1,IF(J27="Evening",2,IF(J27="Floodlit",3,4))) -> 1 | Q27: {=SUMPRODUCT(($G$2:$G$2765=G27)*(P27>$P$2:$P$2765))+1} -> 1 | R27: =(Q27*100000)+#REF! -> #REF! | S27: {=SUMPRODUCT(($G$2:$G$2765=G27)*(R27>$R$2:$R$2765))+1} -> #REF! | T27: =_xlfn.CONCAT(IF(M27="Flat",UPPER(I27),I27)," ",IF(J27="Evening","†",IF(J27="Floodlit","#",""))) -> Warwick | U27: 0 | V27: North | W27: =YEAR(G27) -> 2023
A28: =IF(YEAR(G28)=2024,#REF!,"") | B28: =IF(YEAR(G28)=2025,#REF!,"") | C28: =J28&G28 -> Afternoon44940 | D28: =IF('by region'!$C$2="Any","Any",'Turf only'!V28)&M28&IF('by region'!$I$2="Any","Any",N28)&G28 -> AnyJumpAny44940 | E28: =IF(I28=#REF!,'Turf only'!G28,"") -> #REF! | F28: =G28&S28 -> #REF! | G28: 44940 | H28: Saturday | I28: Wetherby | J28: Afternoon | K28: Independent | L28: North | M28: Jump | N28: Turf | O28: Racecourse/Normal | P28: =IF(J28="Afternoon",1,IF(J28="Evening",2,IF(J28="Floodlit",3,4))) -> 1 | Q28: {=SUMPRODUCT(($G$2:$G$2765=G28)*(P28>$P$2:$P$2765))+1} -> 1 | R28: =(Q28*100000)+#REF! -> #REF! | S28: {=SUMPRODUCT(($G$2:$G$2765=G28)*(R28>$R$2:$R$2765))+1} -> #REF! | T28: =_xlfn.CONCAT(IF(M28="Flat",UPPER(I28),I28)," ",IF(J28="Evening","†",IF(J28="Floodlit","#",""))) -> Wetherby | U28: 0 | V28: Midlands | W28: =YEAR(G28) -> 2023
A29: =IF(YEAR(G29)=2024,#REF!,"") | B29: =IF(YEAR(G29)=2025,#REF!,"") | C29: =J29&G29 -> Afternoon44941 | D29: =IF('by region'!$C$2="Any","Any",'Turf only'!V29)&M29&IF('by region'!$I$2="Any","Any",N29)&G29 -> AnyJumpAny44941 | E29: =IF(I29=#REF!,'Turf only'!G29,"") -> #REF! | F29: =G29&S29 -> #REF! | G29: 44941 | H29: Sunday | I29: Kelso | J29: Afternoon | K29: Independent | L29: North | M29: Jump | N29: Turf | O29: Racecourse/Normal | P29: =IF(J29="Afternoon",1,IF(J29="Evening",2,IF(J29="Floodlit",3,4))) -> 1 | Q29: {=SUMPRODUCT(($G$2:$G$2765=G29)*(P29>$P$2:$P$2765))+1} -> 1 | R29: =(Q29*100000)+#REF! -> #REF! | S29: {=SUMPRODUCT(($G$2:$G$2765=G29)*(R29>$R$2:$R$2765))+1} -> #REF! | T29: =_xlfn.CONCAT(IF(M29="Flat",UPPER(I29),I29)," ",IF(J29="Evening","†",IF(J29="Floodlit","#",""))) -> Kelso | U29: 0 | V29: Midlands | W29: =YEAR(G29) -> 2023
A30: =IF(YEAR(G30)=2024,#REF!,"") | B30: =IF(YEAR(G30)=2025,#REF!,"") | C30: =J30&G30 -> Afternoon44942 | D30: =IF('by region'!$C$2="Any","Any",'Turf only'!V30)&M30&IF('by region'!$I$2="Any","Any",N30)&G30 -> AnyJumpAny44942 | E30: =IF(I30=#REF!,'Turf only'!G30,"") -> #REF! | F30: =G30&S30 -> #REF! | G30: 44942 | H30: Monday | I30: Fontwell Park | J30: Afternoon | K30: ARC | L30: South | M30: Jump | N30: Turf | O30: Racecourse/Normal | P30: =IF(J30="Afternoon",1,IF(J30="Evening",2,IF(J30="Floodlit",3,4))) -> 1 | Q30: {=SUMPRODUCT(($G$2:$G$2765=G30)*(P30>$P$2:$P$2765))+1} -> 1 | R30: =(Q30*100000)+#REF! -> #REF! | S30: {=SUMPRODUCT(($G$2:$G$2765=G30)*(R30>$R$2:$R$2765))+1} -> #REF! | T30: =_xlfn.CONCAT(IF(M30="Flat",UPPER(I30),I30)," ",IF(J30="Evening","†",IF(J30="Floodlit","#",""))) -> Fontwell Park | U30: 0 | V30: North | W30: =YEAR(G30) -> 2023
A31: =IF(YEAR(G31)=2024,#REF!,"") | B31: =IF(YEAR(G31)=2025,#REF!,"") | C31: =J31&G31 -> Afternoon44942 | D31: =IF('by region'!$C$2="Any","Any",'Turf only'!V31)&M31&IF('by region'!$I$2="Any","Any",N31)&G31 -> AnyJumpAny44942 | E31: =IF(I31=#REF!,'Turf only'!G31,"") -> #REF! | F31: =G31&S31 -> #REF! | G31: 44942 | H31: Monday | I31: Hereford | J31: Afternoon | K31: ARC | L31: Midlands | M31: Jump | N31: Turf | O31: Racecourse/Normal | P31: =IF(J31="Afternoon",1,IF(J31="Evening",2,IF(J31="Floodlit",3,4))) -> 1 | Q31: {=SUMPRODUCT(($G$2:$G$2765=G31)*(P31>$P$2:$P$2765))+1} -> 1 | R31: =(Q31*100000)+#REF! -> #REF! | S31: {=SUMPRODUCT(($G$2:$G$2765=G31)*(R31>$R$2:$R$2765))+1} -> #REF! | T31: =_xlfn.CONCAT(IF(M31="Flat",UPPER(I31),I31)," ",IF(J31="Evening","†",IF(J31="Floodlit","#",""))) -> Hereford | U31: 0 | V31: NULL | W31: =YEAR(G31) -> 2023
A32: =IF(YEAR(G32)=2024,#REF!,"") | B32: =IF(YEAR(G32)=2025,#REF!,"") | C32: =J32&G32 -> Afternoon44943 | D32: =IF('by region'!$C$2="Any","Any",'Turf only'!V32)&M32&IF('by region'!$I$2="Any","Any",N32)&G32 -> AnyJumpAny44943 | E32: =IF(I32=#REF!,'Turf only'!G32,"") -> #REF! | F32: =G32&S32 -> #REF! | G32: 44943 | H32: Tuesday | I32: Chepstow | J32: Afternoon | K32: ARC | L32: South | M32: Jump | N32: Turf | O32: National/BHA | P32: =IF(J32="Afternoon",1,IF(J32="Evening",2,IF(J32="Floodlit",3,4))) -> 1 | Q32: {=SUMPRODUCT(($G$2:$G$2765=G32)*(P32>$P$2:$P$2765))+1} -> 1 | R32: =(Q32*100000)+#REF! -> #REF! | S32: {=SUMPRODUCT(($G$2:$G$2765=G32)*(R32>$R$2:$R$2765))+1} -> #REF! | T32: =_xlfn.CONCAT(IF(M32="Flat",UPPER(I32),I32)," ",IF(J32="Evening","†",IF(J32="Floodlit","#",""))) -> Chepstow | U32: 0 | V32: South | W32: =YEAR(G32) -> 2023
... A641: =IF(YEAR(G641)=2024,#REF!,"") | B641: =IF(YEAR(G641)=2025,#REF!,"") | C641: =J641&G641 -> Afternoon45129 | D641: =IF('by region'!$C$2="Any","Any",'Turf only'!V641)&M641&IF('by region'!$I$2="Any","Any",N641)&G641 -> AnyJumpAny45129 | E641: =IF(I641=#REF!,'Turf only'!G641,"") -> #REF! | F641: =G641&S641 -> #REF! | G641: 45129 | H641: Saturday | I641: Market Rasen | J641: Afternoon | K641: JCR | L641: Midlands | M641: Jump | N641: Turf | O641: Racecourse/Normal | P641: =IF(J641="Afternoon",1,IF(J641="Evening",2,IF(J641="Floodlit",3,4))) -> 1 | Q641: {=SUMPRODUCT(($G$2:$G$2765=G641)*(P641>$P$2:$P$2765))+1} -> 1 | R641: =(Q641*100000)+#REF! -> #REF! | S641: {=SUMPRODUCT(($G$2:$G$2765=G641)*(R641>$R$2:$R$2765))+1} -> #REF! | T641: =_xlfn.CONCAT(IF(M641="Flat",UPPER(I641),I641)," ",IF(J641="Evening","†",IF(J641="Floodlit","#",""))) -> Market Rasen | U641: 0 | V641: South | W641: =YEAR(G641) -> 2023
A642: =IF(YEAR(G642)=2024,#REF!,"") | B642: =IF(YEAR(G642)=2025,#REF!,"") | C642: =J642&G642 -> Afternoon45129 | D642: =IF('by region'!$C$2="Any","Any",'Turf only'!V642)&M642&IF('by region'!$I$2="Any","Any",N642)&G642 -> AnyFlatAny45129 | E642: =IF(I642=#REF!,'Turf only'!G642,"") -> #REF! | F642: =G642&S642 -> 451292 | G642: 45129 | H642: Saturday | I642: Newbury | J642: Afternoon | K642: Independent | L642: South | M642: Flat | N642: Turf | O642: Racecourse/Normal | P642: =IF(J642="Afternoon",1,IF(J642="Evening",2,IF(J642="Floodlit",3,4))) -> 1 | Q642: {=SUMPRODUCT(($G$2:$G$2765=G642)*(P642>$P$2:$P$2765))+1} -> 1 | R642: =(Q642*100000)+#REF! -> #REF! | S642: 2 | T642: =_xlfn.CONCAT(IF(M642="Flat",UPPER(I642),I642)," ",IF(J642="Evening","†",IF(J642="Floodlit","#",""))) -> NEWBURY | U642: 0 | V642: NULL | W642: =YEAR(G642) -> 2023
A643: =IF(YEAR(G643)=2024,#REF!,"") | B643: =IF(YEAR(G643)=2025,#REF!,"") | C643: =J643&G643 -> Afternoon45129 | D643: =IF('by region'!$C$2="Any","Any",'Turf only'!V643)&M643&IF('by region'!$I$2="Any","Any",N643)&G643 -> AnyFlatAny45129 | E643: =IF(I643=#REF!,'Turf only'!G643,"") -> #REF! | F643: =G643&S643 -> #REF! | G643: 45129 | H643: Saturday | I643: Newmarket | J643: Afternoon | K643: JCR | L643: Midlands | M643: Flat | N643: Turf | O643: Racecourse/Normal | P643: =IF(J643="Afternoon",1,IF(J643="Evening",2,IF(J643="Floodlit",3,4))) -> 1 | Q643: {=SUMPRODUCT(($G$2:$G$2765=G643)*(P643>$P$2:$P$2765))+1} -> 1 | R643: =(Q643*100000)+#REF! -> #REF! | S643: {=SUMPRODUCT(($G$2:$G$2765=G643)*(R643>$R$2:$R$2765))+1} -> #REF! | T643: =_xlfn.CONCAT(IF(M643="Flat",UPPER(I643),I643)," ",IF(J643="Evening","†",IF(J643="Floodlit","#",""))) -> NEWMARKET | U643: 0 | V643: North | W643: =YEAR(G643) -> 2023
A644: =IF(YEAR(G644)=2024,#REF!,"") | B644: =IF(YEAR(G644)=2025,#REF!,"") | C644: =J644&G644 -> Afternoon45129 | D644: =IF('by region'!$C$2="Any","Any",'Turf only'!V644)&M644&IF('by region'!$I$2="Any","Any",N644)&G644 -> AnyFlatAny45129 | E644: =IF(I644=#REF!,'Turf only'!G644,"") -> #REF! | F644: =G644&S644 -> #REF! | G644: 45129 | H644: Saturday | I644: Ripon | J644: Afternoon | K644: Independent | L644: North | M644: Flat | N644: Turf | O644: Racecourse/Normal | P644: =IF(J644="Afternoon",1,IF(J644="Evening",2,IF(J644="Floodlit",3,4))) -> 1 | Q644: {=SUMPRODUCT(($G$2:$G$2765=G644)*(P644>$P$2:$P$2765))+1} -> 1 | R644: =(Q644*100000)+#REF! -> #REF! | S644: {=SUMPRODUCT(($G$2:$G$2765=G644)*(R644>$R$2:$R$2765))+1} -> #REF! | T644: =_xlfn.CONCAT(IF(M644="Flat",UPPER(I644),I644)," ",IF(J644="Evening","†",IF(J644="Floodlit","#",""))) -> RIPON | U644: 0 | V644: Midlands | W644: =YEAR(G644) -> 2023
A645: =IF(YEAR(G645)=2024,#REF!,"") | B645: =IF(YEAR(G645)=2025,#REF!,"") | C645: =J645&G645 -> Afternoon45130 | D645: =IF('by region'!$C$2="Any","Any",'Turf only'!V645)&M645&IF('by region'!$I$2="Any","Any",N645)&G645 -> AnyJumpAny45130 | E645: =IF(I645=#REF!,'Turf only'!G645,"") -> #REF! | F645: =G645&S645 -> #REF! | G645: 45130 | H645: Sunday | I645: Newton Abbot | J645: Afternoon | K645: Independent | L645: South | M645: Jump | N645: Turf | O645: Racecourse/Normal | P645: =IF(J645="Afternoon",1,IF(J645="Evening",2,IF(J645="Floodlit",3,4))) -> 1 | Q645: {=SUMPRODUCT(($G$2:$G$2765=G645)*(P645>$P$2:$P$2765))+1} -> 1 | R645: =(Q645*100000)+#REF! -> #REF! | S645: {=SUMPRODUCT(($G$2:$G$2765=G645)*(R645>$R$2:$R$2765))+1} -> #REF! | T645: =_xlfn.CONCAT(IF(M645="Flat",UPPER(I645),I645)," ",IF(J645="Evening","†",IF(J645="Floodlit","#",""))) -> Newton Abbot | U645: 0 | V645: Midlands | W645: =YEAR(G645) -> 2023
A646: =IF(YEAR(G646)=2024,#REF!,"") | B646: =IF(YEAR(G646)=2025,#REF!,"") | C646: =J646&G646 -> Afternoon45130 | D646: =IF('by region'!$C$2="Any","Any",'Turf only'!V646)&M646&IF('by region'!$I$2="Any","Any",N646)&G646 -> AnyFlatAny45130 | E646: =IF(I646=#REF!,'Turf only'!G646,"") -> #REF! | F646: =G646&S646 -> #REF! | G646: 45130 | H646: Sunday | I646: Redcar | J646: Afternoon | K646: Independent | L646: North | M646: Flat | N646: Turf | O646: Racecourse/Normal | P646: =IF(J646="Afternoon",1,IF(J646="Evening",2,IF(J646="Floodlit",3,4))) -> 1 | Q646: {=SUMPRODUCT(($G$2:$G$2765=G646)*(P646>$P$2:$P$2765))+1} -> 1 | R646: =(Q646*100000)+#REF! -> #REF! | S646: {=SUMPRODUCT(($G$2:$G$2765=G646)*(R646>$R$2:$R$2765))+1} -> #REF! | T646: =_xlfn.CONCAT(IF(M646="Flat",UPPER(I646),I646)," ",IF(J646="Evening","†",IF(J646="Floodlit","#",""))) -> REDCAR | U646: 0 | V646: North | W646: =YEAR(G646) -> 2023
A647: =IF(YEAR(G647)=2024,#REF!,"") | B647: =IF(YEAR(G647)=2025,#REF!,"") | C647: =J647&G647 -> Afternoon45130 | D647: =IF('by region'!$C$2="Any","Any",'Turf only'!V647)&M647&IF('by region'!$I$2="Any","Any",N647)&G647 -> AnyJumpAny45130 | E647: =IF(I647=#REF!,'Turf only'!G647,"") -> #REF! | F647: =G647&S647 -> #REF! | G647: 45130 | H647: Sunday | I647: Stratford-On-Avon | J647: Afternoon | K647: Independent | L647: Midlands | M647: Jump | N647: Turf | O647: Racecourse/Normal | P647: =IF(J647="Afternoon",1,IF(J647="Evening",2,IF(J647="Floodlit",3,4))) -> 1 | Q647: {=SUMPRODUCT(($G$2:$G$2765=G647)*(P647>$P$2:$P$2765))+1} -> 1 | R647: =(Q647*100000)+#REF! -> #REF! | S647: {=SUMPRODUCT(($G$2:$G$2765=G647)*(R647>$R$2:$R$2765))+1} -> #REF! | T647: =_xlfn.CONCAT(IF(M647="Flat",UPPER(I647),I647)," ",IF(J647="Evening","†",IF(J647="Floodlit","#",""))) -> Stratford-On-Avon | U647: 0 | V647: North | W647: =YEAR(G647) -> 2023
A648: =IF(YEAR(G648)=2024,#REF!,"") | B648: =IF(YEAR(G648)=2025,#REF!,"") | C648: =J648&G648 -> Afternoon45131 | D648: =IF('by region'!$C$2="Any","Any",'Turf only'!V648)&M648&IF('by region'!$I$2="Any","Any",N648)&G648 -> AnyFlatAny45131 | E648: =IF(I648=#REF!,'Turf only'!G648,"") -> #REF! | F648: =G648&S648 -> #REF! | G648: 45131 | H648: Monday | I648: Ayr | J648: Afternoon | K648: Independent | L648: North | M648: Flat | N648: Turf | O648: Racecourse/Normal | P648: =IF(J648="Afternoon",1,IF(J648="Evening",2,IF(J648="Floodlit",3,4))) -> 1 | Q648: {=SUMPRODUCT(($G$2:$G$2765=G648)*(P648>$P$2:$P$2765))+1} -> 1 | R648: =(Q648*100000)+#REF! -> #REF! | S648: {=SUMPRODUCT(($G$2:$G$2765=G648)*(R648>$R$2:$R$2765))+1} -> #REF! | T648: =_xlfn.CONCAT(IF(M648="Flat",UPPER(I648),I648)," ",IF(J648="Evening","†",IF(J648="Floodlit","#",""))) -> AYR | U648: 0 | V648: North | W648: =YEAR(G648) -> 2023
A649: =IF(YEAR(G649)=2024,#REF!,"") | B649: =IF(YEAR(G649)=2025,#REF!,"") | C649: =J649&G649 -> Evening45131 | D649: =IF('by region'!$C$2="Any","Any",'Turf only'!V649)&M649&IF('by region'!$I$2="Any","Any",N649)&G649 -> AnyFlatAny45131 | E649: =IF(I649=#REF!,'Turf only'!G649,"") -> #REF! | F649: =G649&S649 -> #REF! | G649: 45131 | H649: Monday | I649: Beverley | J649: Evening | K649: Independent | L649: North | M649: Flat | N649: Turf | O649: Racecourse/Normal | P649: =IF(J649="Afternoon",1,IF(J649="Evening",2,IF(J649="Floodlit",3,4))) -> 2 | Q649: {=SUMPRODUCT(($G$2:$G$2765=G649)*(P649>$P$2:$P$2765))+1} -> 3 | R649: =(Q649*100000)+#REF! -> #REF! | S649: {=SUMPRODUCT(($G$2:$G$2765=G649)*(R649>$R$2:$R$2765))+1} -> #REF! | T649: =_xlfn.CONCAT(IF(M649="Flat",UPPER(I649),I649)," ",IF(J649="Evening","†",IF(J649="Floodlit","#",""))) -> BEVERLEY † | U649: 0 | V649: Midlands | W649: =YEAR(G649) -> 2023
A650: =IF(YEAR(G650)=2024,#REF!,"") | B650: =IF(YEAR(G650)=2025,#REF!,"") | C650: =J650&G650 -> Afternoon45131 | D650: =IF('by region'!$C$2="Any","Any",'Turf only'!V650)&M650&IF('by region'!$I$2="Any","Any",N650)&G650 -> AnyJumpAny45131 | E650: =IF(I650=#REF!,'Turf only'!G650,"") -> #REF! | F650: =G650&S650 -> #REF! | G650: 45131 | H650: Monday | I650: Cartmel | J650: Afternoon | K650: Independent | L650: North | M650: Jump | N650: Turf | O650: National/BHA | P650: =IF(J650="Afternoon",1,IF(J650="Evening",2,IF(J650="Floodlit",3,4))) -> 1 | Q650: {=SUMPRODUCT(($G$2:$G$2765=G650)*(P650>$P$2:$P$2765))+1} -> 1 | R650: =(Q650*100000)+#REF! -> #REF! | S650: {=SUMPRODUCT(($G$2:$G$2765=G650)*(R650>$R$2:$R$2765))+1} -> #REF! | T650: =_xlfn.CONCAT(IF(M650="Flat",UPPER(I650),I650)," ",IF(J650="Evening","†",IF(J650="Floodlit","#",""))) -> Cartmel | U650: 0 | V650: North | W650: =YEAR(G650) -> 2023
A651: =IF(YEAR(G651)=2024,#REF!,"") | B651: =IF(YEAR(G651)=2025,#REF!,"") | C651: =J651&G651 -> Evening45131 | D651: =IF('by region'!$C$2="Any","Any",'Turf only'!V651)&M651&IF('by region'!$I$2="Any","Any",N651)&G651 -> AnyFlatAny45131 | E651: =IF(I651=#REF!,'Turf only'!G651,"") -> #REF! | F651: =G651&S651 -> #REF! | G651: 45131 | H651: Monday | I651: Windsor | J651: Evening | K651: ARC | L651: South | M651: Flat | N651: Turf | O651: Racecourse/Normal | P651: =IF(J651="Afternoon",1,IF(J651="Evening",2,IF(J651="Floodlit",3,4))) -> 2 | Q651: {=SUMPRODUCT(($G$2:$G$2765=G651)*(P651>$P$2:$P$2765))+1} -> 3 | R651: =(Q651*100000)+#REF! -> #REF! | S651: {=SUMPRODUCT(($G$2:$G$2765=G651)*(R651>$R$2:$R$2765))+1} -> #REF! | T651: =_xlfn.CONCAT(IF(M651="Flat",UPPER(I651),I651)," ",IF(J651="Evening","†",IF(J651="Floodlit","#",""))) -> WINDSOR † | U651: 0 | V651: South | W651: =YEAR(G651) -> 2023
A652: =IF(YEAR(G652)=2024,#REF!,"") | B652: =IF(YEAR(G652)=2025,#REF!,"") | C652: =J652&G652 -> Afternoon45132 | D652: =IF('by region'!$C$2="Any","Any",'Turf only'!V652)&M652&IF('by region'!$I$2="Any","Any",N652)&G652 -> AnyFlatAny45132 | E652: =IF(I652=#REF!,'Turf only'!G652,"") -> #REF! | F652: =G652&S652 -> #REF! | G652: 45132 | H652: Tuesday | I652: Musselburgh | J652: Afternoon | K652: Independent | L652: North | M652: Flat | N652: Turf | O652: Racecourse/Normal | P652: =IF(J652="Afternoon",1,IF(J652="Evening",2,IF(J652="Floodlit",3,4))) -> 1 | Q652: {=SUMPRODUCT(($G$2:$G$2765=G652)*(P652>$P$2:$P$2765))+1} -> 1 | R652: =(Q652*100000)+#REF! -> #REF! | S652: {=SUMPRODUCT(($G$2:$G$2765=G652)*(R652>$R$2:$R$2765))+1} -> #REF! | T652: =_xlfn.CONCAT(IF(M652="Flat",UPPER(I652),I652)," ",IF(J652="Evening","†",IF(J652="Floodlit","#",""))) -> MUSSELBURGH | U652: 0 | V652: North | W652: =YEAR(G652) -> 2023
A653: =IF(YEAR(G653)=2024,#REF!,"") | B653: =IF(YEAR(G653)=2025,#REF!,"") | C653: =J653&G653 -> Afternoon45132 | D653: =IF('by region'!$C$2="Any","Any",'Turf only'!V653)&M653&IF('by region'!$I$2="Any","Any",N653)&G653 -> AnyJumpAny45132 | E653: =IF(I653=#REF!,'Turf only'!G653,"") -> #REF! | F653: =G653&S653 -> #REF! | G653: 45132 | H653: Tuesday | I653: Southwell | J653: Afternoon | K653: ARC | L653: Midlands | M653: Jump | N653: Turf | O653: Racecourse/Normal | P653: =IF(J653="Afternoon",1,IF(J653="Evening",2,IF(J653="Floodlit",3,4))) -> 1 | Q653: {=SUMPRODUCT(($G$2:$G$2765=G653)*(P653>$P$2:$P$2765))+1} -> 1 | R653: =(Q653*100000)+#REF! -> #REF! | S653: {=SUMPRODUCT(($G$2:$G$2765=G653)*(R653>$R$2:$R$2765))+1} -> #REF! | T653: =_xlfn.CONCAT(IF(M653="Flat",UPPER(I653),I653)," ",IF(J653="Evening","†",IF(J653="Floodlit","#",""))) -> Southwell | U653: 0 | V653: North | W653: =YEAR(G653) -> 2023
A654: =IF(YEAR(G654)=2024,#REF!,"") | B654: =IF(YEAR(G654)=2025,#REF!,"") | C654: =J654&G654 -> Afternoon45133 | D654: =IF('by region'!$C$2="Any","Any",'Turf only'!V654)&M654&IF('by region'!$I$2="Any","Any",N654)&G654 -> AnyFlatAny45133 | E654: =IF(I654=#REF!,'Turf only'!G654,"") -> #REF! | F654: =G654&S654 -> #REF! | G654: 45133 | H654: Wednesday | I654: Bath | J654: Afternoon | K654: ARC | L654: South | M654: Flat | N654: Turf | O654: Racecourse/Normal | P654: =IF(J654="Afternoon",1,IF(J654="Evening",2,IF(J654="Floodlit",3,4))) -> 1 | Q654: {=SUMPRODUCT(($G$2:$G$2765=G654)*(P654>$P$2:$P$2765))+1} -> 1 | R654: =(Q654*100000)+#REF! -> #REF! | S654: {=SUMPRODUCT(($G$2:$G$2765=G654)*(R654>$R$2:$R$2765))+1} -> #REF! | T654: =_xlfn.CONCAT(IF(M654="Flat",UPPER(I654),I654)," ",IF(J654="Evening","†",IF(J654="Floodlit","#",""))) -> BATH | U654: 0 | V654: South | W654: =YEAR(G654) -> 2023
... A692: =IF(YEAR(G692)=2024,#REF!,"") | B692: =IF(YEAR(G692)=2025,#REF!,"") | C692: =J692&G692 -> Afternoon45141 | D692: =IF('by region'!$C$2="Any","Any",'Turf only'!V692)&M692&IF('by region'!$I$2="Any","Any",N692)&G692 -> AnyFlatAny45141 | E692: =IF(I692=#REF!,'Turf only'!G692,"") -> #REF! | F692: =G692&S692 -> #REF! | G692: 45141 | H692: Thursday | I692: Goodwood | J692: Afternoon | K692: Independent | L692: South | M692: Flat | N692: Turf | O692: Racecourse/Normal | P692: =IF(J692="Afternoon",1,IF(J692="Evening",2,IF(J692="Floodlit",3,4))) -> 1 | Q692: {=SUMPRODUCT(($G$2:$G$2765=G692)*(P692>$P$2:$P$2765))+1} -> 1 | R692: =(Q692*100000)+#REF! -> #REF! | S692: {=SUMPRODUCT(($G$2:$G$2765=G692)*(R692>$R$2:$R$2765))+1} -> #REF! | T692: =_xlfn.CONCAT(IF(M692="Flat",UPPER(I692),I692)," ",IF(J692="Evening","†",IF(J692="Floodlit","#",""))) -> GOODWOOD | U692: 0 | V692: Midlands | W692: =YEAR(G692) -> 2023
A693: =IF(YEAR(G693)=2024,#REF!,"") | B693: =IF(YEAR(G693)=2025,#REF!,"") | C693: =J693&G693 -> Afternoon45141 | D693: =IF('by region'!$C$2="Any","Any",'Turf only'!V693)&M693&IF('by region'!$I$2="Any","Any",N693)&G693 -> AnyFlatAny45141 | E693: =IF(I693=#REF!,'Turf only'!G693,"") -> #REF! | F693: =G693&S693 -> 451414 | G693: 45141 | H693: Thursday | I693: Nottingham | J693: Afternoon | K693: JCR | L693: Midlands | M693: Flat | N693: Turf | O693: Racecourse/Normal | P693: =IF(J693="Afternoon",1,IF(J693="Evening",2,IF(J693="Floodlit",3,4))) -> 1 | Q693: {=SUMPRODUCT(($G$2:$G$2765=G693)*(P693>$P$2:$P$2765))+1} -> 1 | R693: =(Q693*100000)+#REF! -> #REF! | S693: 4 | T693: =_xlfn.CONCAT(IF(M693="Flat",UPPER(I693),I693)," ",IF(J693="Evening","†",IF(J693="Floodlit","#",""))) -> NOTTINGHAM | U693: 0 | V693: Midlands | W693: =YEAR(G693) -> 2023
A694: =IF(YEAR(G694)=2024,#REF!,"") | B694: =IF(YEAR(G694)=2025,#REF!,"") | C694: =J694&G694 -> Afternoon45141 | D694: =IF('by region'!$C$2="Any","Any",'Turf only'!V694)&M694&IF('by region'!$I$2="Any","Any",N694)&G694 -> AnyJumpAny45141 | E694: =IF(I694=#REF!,'Turf only'!G694,"") -> #REF! | F694: =G694&S694 -> 451413 | G694: 45141 | H694: Thursday | I694: Stratford-On-Avon | J694: Afternoon | K694: Independent | L694: Midlands | M694: Jump | N694: Turf | O694: Racecourse/Normal | P694: =IF(J694="Afternoon",1,IF(J694="Evening",2,IF(J694="Floodlit",3,4))) -> 1 | Q694: {=SUMPRODUCT(($G$2:$G$2765=G694)*(P694>$P$2:$P$2765))+1} -> 1 | R694: =(Q694*100000)+#REF! -> #REF! | S694: 3 | T694: =_xlfn.CONCAT(IF(M694="Flat",UPPER(I694),I694)," ",IF(J694="Evening","†",IF(J694="Floodlit","#",""))) -> Stratford-On-Avon | U694: 0 | V694: Midlands | W694: =YEAR(G694) -> 2023
A695: =IF(YEAR(G695)=2024,#REF!,"") | B695: =IF(YEAR(G695)=2025,#REF!,"") | C695: =J695&G695 -> Afternoon45142 | D695: =IF('by region'!$C$2="Any","Any",'Turf only'!V695)&M695&IF('by region'!$I$2="Any","Any",N695)&G695 -> AnyJumpAny45142 | E695: =IF(I695=#REF!,'Turf only'!G695,"") -> #REF! | F695: =G695&S695 -> #REF! | G695: 45142 | H695: Friday | I695: Bangor-On-Dee | J695: Afternoon | K695: Independent | L695: Midlands | M695: Jump | N695: Turf | O695: Racecourse/Normal | P695: =IF(J695="Afternoon",1,IF(J695="Evening",2,IF(J695="Floodlit",3,4))) -> 1 | Q695: {=SUMPRODUCT(($G$2:$G$2765=G695)*(P695>$P$2:$P$2765))+1} -> 1 | R695: =(Q695*100000)+#REF! -> #REF! | S695: {=SUMPRODUCT(($G$2:$G$2765=G695)*(R695>$R$2:$R$2765))+1} -> #REF! | T695: =_xlfn.CONCAT(IF(M695="Flat",UPPER(I695),I695)," ",IF(J695="Evening","†",IF(J695="Floodlit","#",""))) -> Bangor-On-Dee | U695: 0 | V695: NULL | W695: =YEAR(G695) -> 2023
A696: =IF(YEAR(G696)=2024,#REF!,"") | B696: =IF(YEAR(G696)=2025,#REF!,"") | C696: =J696&G696 -> Evening45142 | D696: =IF('by region'!$C$2="Any","Any",'Turf only'!V696)&M696&IF('by region'!$I$2="Any","Any",N696)&G696 -> AnyFlatAny45142 | E696: =IF(I696=#REF!,'Turf only'!G696,"") -> #REF! | F696: =G696&S696 -> #REF! | G696: 45142 | H696: Friday | I696: Bath | J696: Evening | K696: ARC | L696: South | M696: Flat | N696: Turf | O696: Racecourse/Normal | P696: =IF(J696="Afternoon",1,IF(J696="Evening",2,IF(J696="Floodlit",3,4))) -> 2 | Q696: {=SUMPRODUCT(($G$2:$G$2765=G696)*(P696>$P$2:$P$2765))+1} -> 3 | R696: =(Q696*100000)+#REF! -> #REF! | S696: {=SUMPRODUCT(($G$2:$G$2765=G696)*(R696>$R$2:$R$2765))+1} -> #REF! | T696: =_xlfn.CONCAT(IF(M696="Flat",UPPER(I696),I696)," ",IF(J696="Evening","†",IF(J696="Floodlit","#",""))) -> BATH † | U696: 0 | V696: Midlands | W696: =YEAR(G696) -> 2023
A697: =IF(YEAR(G697)=2024,#REF!,"") | B697: =IF(YEAR(G697)=2025,#REF!,"") | C697: =J697&G697 -> Afternoon45142 | D697: =IF('by region'!$C$2="Any","Any",'Turf only'!V697)&M697&IF('by region'!$I$2="Any","Any",N697)&G697 -> AnyFlatAny45142 | E697: =IF(I697=#REF!,'Turf only'!G697,"") -> #REF! | F697: =G697&S697 -> #REF! | G697: 45142 | H697: Friday | I697: Goodwood | J697: Afternoon | K697: Independent | L697: South | M697: Flat | N697: Turf | O697: Racecourse/Normal | P697: =IF(J697="Afternoon",1,IF(J697="Evening",2,IF(J697="Floodlit",3,4))) -> 1 | Q697: {=SUMPRODUCT(($G$2:$G$2765=G697)*(P697>$P$2:$P$2765))+1} -> 1 | R697: =(Q697*100000)+#REF! -> #REF! | S697: {=SUMPRODUCT(($G$2:$G$2765=G697)*(R697>$R$2:$R$2765))+1} -> #REF! | T697: =_xlfn.CONCAT(IF(M697="Flat",UPPER(I697),I697)," ",IF(J697="Evening","†",IF(J697="Floodlit","#",""))) -> GOODWOOD | U697: 0 | V697: South | W697: =YEAR(G697) -> 2023
A698: =IF(YEAR(G698)=2024,#REF!,"") | B698: =IF(YEAR(G698)=2025,#REF!,"") | C698: =J698&G698 -> Evening45142 | D698: =IF('by region'!$C$2="Any","Any",'Turf only'!V698)&M698&IF('by region'!$I$2="Any","Any",N698)&G698 -> AnyFlatAny45142 | E698: =IF(I698=#REF!,'Turf only'!G698,"") -> #REF! | F698: =G698&S698 -> #REF! | G698: 45142 | H698: Friday | I698: Musselburgh | J698: Evening | K698: Independent | L698: North | M698: Flat | N698: Turf | O698: Racecourse/Normal | P698: =IF(J698="Afternoon",1,IF(J698="Evening",2,IF(J698="Floodlit",3,4))) -> 2 | Q698: {=SUMPRODUCT(($G$2:$G$2765=G698)*(P698>$P$2:$P$2765))+1} -> 3 | R698: =(Q698*100000)+#REF! -> #REF! | S698: {=SUMPRODUCT(($G$2:$G$2765=G698)*(R698>$R$2:$R$2765))+1} -> #REF! | T698: =_xlfn.CONCAT(IF(M698="Flat",UPPER(I698),I698)," ",IF(J698="Evening","†",IF(J698="Floodlit","#",""))) -> MUSSELBURGH † | U698: 0 | V698: NULL | W698: =YEAR(G698) -> 2023
A699: =IF(YEAR(G699)=2024,#REF!,"") | B699: =IF(YEAR(G699)=2025,#REF!,"") | C699: =J699&G699 -> Evening45142 | D699: =IF('by region'!$C$2="Any","Any",'Turf only'!V699)&M699&IF('by region'!$I$2="Any","Any",N699)&G699 -> AnyFlatAny45142 | E699: =IF(I699=#REF!,'Turf only'!G699,"") -> #REF! | F699: =G699&S699 -> #REF! | G699: 45142 | H699: Friday | I699: Newmarket | J699: Evening | K699: JCR | L699: Midlands | M699: Flat | N699: Turf | O699: Racecourse/Normal | P699: =IF(J699="Afternoon",1,IF(J699="Evening",2,IF(J699="Floodlit",3,4))) -> 2 | Q699: {=SUMPRODUCT(($G$2:$G$2765=G699)*(P699>$P$2:$P$2765))+1} -> 3 | R699: =(Q699*100000)+#REF! -> #REF! | S699: {=SUMPRODUCT(($G$2:$G$2765=G699)*(R699>$R$2:$R$2765))+1} -> #REF! | T699: =_xlfn.CONCAT(IF(M699="Flat",UPPER(I699),I699)," ",IF(J699="Evening","†",IF(J699="Floodlit","#",""))) -> NEWMARKET † | U699: 0 | V699: South | W699: =YEAR(G699) -> 2023
A700: =IF(YEAR(G700)=2024,#REF!,"") | B700: =IF(YEAR(G700)=2025,#REF!,"") | C700: =J700&G700 -> Afternoon45143 | D700: =IF('by region'!$C$2="Any","Any",'Turf only'!V700)&M700&IF('by region'!$I$2="Any","Any",N700)&G700 -> AnyFlatAny45143 | E700: =IF(I700=#REF!,'Turf only'!G700,"") -> #REF! | F700: =G700&S700 -> #REF! | G700: 45143 | H700: Saturday | I700: Doncaster | J700: Afternoon | K700: ARC | L700: North | M700: Flat | N700: Turf | O700: Racecourse/Normal | P700: =IF(J700="Afternoon",1,IF(J700="Evening",2,IF(J700="Floodlit",3,4))) -> 1 | Q700: {=SUMPRODUCT(($G$2:$G$2765=G700)*(P700>$P$2:$P$2765))+1} -> 1 | R700: =(Q700*100000)+#REF! -> #REF! | S700: {=SUMPRODUCT(($G$2:$G$2765=G700)*(R700>$R$2:$R$2765))+1} -> #REF! | T700: =_xlfn.CONCAT(IF(M700="Flat",UPPER(I700),I700)," ",IF(J700="Evening","†",IF(J700="Floodlit","#",""))) -> DONCASTER | U700: 0 | V700: Midlands | W700: =YEAR(G700) -> 2023
A701: =IF(YEAR(G701)=2024,#REF!,"") | B701: =IF(YEAR(G701)=2025,#REF!,"") | C701: =J701&G701 -> Afternoon45143 | D701: =IF('by region'!$C$2="Any","Any",'Turf only'!V701)&M701&IF('by region'!$I$2="Any","Any",N701)&G701 -> AnyFlatAny45143 | E701: =IF(I701=#REF!,'Turf only'!G701,"") -> #REF! | F701: =G701&S701 -> #REF! | G701: 45143 | H701: Saturday | I701: Goodwood | J701: Afternoon | K701: Independent | L701: South | M701: Flat | N701: Turf | O701: Racecourse/Normal | P701: =IF(J701="Afternoon",1,IF(J701="Evening",2,IF(J701="Floodlit",3,4))) -> 1 | Q701: {=SUMPRODUCT(($G$2:$G$2765=G701)*(P701>$P$2:$P$2765))+1} -> 1 | R701: =(Q701*100000)+#REF! -> #REF! | S701: {=SUMPRODUCT(($G$2:$G$2765=G701)*(R701>$R$2:$R$2765))+1} -> #REF! | T701: =_xlfn.CONCAT(IF(M701="Flat",UPPER(I701),I701)," ",IF(J701="Evening","†",IF(J701="Floodlit","#",""))) -> GOODWOOD | U701: 0 | V701: NULL | W701: =YEAR(G701) -> 2023
A702: =IF(YEAR(G702)=2024,#REF!,"") | B702: =IF(YEAR(G702)=2025,#REF!,"") | C702: =J702&G702 -> Evening45143 | D702: =IF('by region'!$C$2="Any","Any",'Turf only'!V702)&M702&IF('by region'!$I$2="Any","Any",N702)&G702 -> AnyFlatAny45143 | E702: =IF(I702=#REF!,'Turf only'!G702,"") -> #REF! | F702: =G702&S702 -> #REF! | G702: 45143 | H702: Saturday | I702: Hamilton Park | J702: Evening | K702: Independent | L702: North | M702: Flat | N702: Turf | O702: Racecourse/Normal | P702: =IF(J702="Afternoon",1,IF(J702="Evening",2,IF(J702="Floodlit",3,4))) -> 2 | Q702: {=SUMPRODUCT(($G$2:$G$2765=G702)*(P702>$P$2:$P$2765))+1} -> 5 | R702: =(Q702*100000)+#REF! -> #REF! | S702: {=SUMPRODUCT(($G$2:$G$2765=G702)*(R702>$R$2:$R$2765))+1} -> #REF! | T702: =_xlfn.CONCAT(IF(M702="Flat",UPPER(I702),I702)," ",IF(J702="Evening","†",IF(J702="Floodlit","#",""))) -> HAMILTON PARK † | U702: 0 | V702: NULL | W702: =YEAR(G702) -> 2023
A703: =IF(YEAR(G703)=2024,#REF!,"") | B703: =IF(YEAR(G703)=2025,#REF!,"") | C703: =J703&G703 -> Evening45143 | D703: =IF('by region'!$C$2="Any","Any",'Turf only'!V703)&M703&IF('by region'!$I$2="Any","Any",N703)&G703 -> AnyFlatAny45143 | E703: =IF(I703=#REF!,'Turf only'!G703,"") -> #REF! | F703: =G703&S703 -> #REF! | G703: 45143 | H703: Saturday | I703: Lingfield Park | J703: Evening | K703: ARC | L703: South | M703: Flat | N703: Turf | O703: Racecourse/Normal | P703: =IF(J703="Afternoon",1,IF(J703="Evening",2,IF(J703="Floodlit",3,4))) -> 2 | Q703: {=SUMPRODUCT(($G$2:$G$2765=G703)*(P703>$P$2:$P$2765))+1} -> 5 | R703: =(Q703*100000)+#REF! -> #REF! | S703: {=SUMPRODUCT(($G$2:$G$2765=G703)*(R703>$R$2:$R$2765))+1} -> #REF! | T703: =_xlfn.CONCAT(IF(M703="Flat",UPPER(I703),I703)," ",IF(J703="Evening","†",IF(J703="Floodlit","#",""))) -> LINGFIELD PARK † | U703: 0 | V703: North | W703: =YEAR(G703) -> 2023
A704: =IF(YEAR(G704)=2024,#REF!,"") | B704: =IF(YEAR(G704)=2025,#REF!,"") | C704: =J704&G704 -> Afternoon45143 | D704: =IF('by region'!$C$2="Any","Any",'Turf only'!V704)&M704&IF('by region'!$I$2="Any","Any",N704)&G704 -> AnyFlatAny45143 | E704: =IF(I704=#REF!,'Turf only'!G704,"") -> #REF! | F704: =G704&S704 -> #REF! | G704: 45143 | H704: Saturday | I704: Newmarket | J704: Afternoon | K704: JCR | L704: Midlands | M704: Flat | N704: Turf | O704: Racecourse/Normal | P704: =IF(J704="Afternoon",1,IF(J704="Evening",2,IF(J704="Floodlit",3,4))) -> 1 | Q704: {=SUMPRODUCT(($G$2:$G$2765=G704)*(P704>$P$2:$P$2765))+1} -> 1 | R704: =(Q704*100000)+#REF! -> #REF! | S704: {=SUMPRODUCT(($G$2:$G$2765=G704)*(R704>$R$2:$R$2765))+1} -> #REF! | T704: =_xlfn.CONCAT(IF(M704="Flat",UPPER(I704),I704)," ",IF(J704="Evening","†",IF(J704="Floodlit","#",""))) -> NEWMARKET | U704: 0 | V704: South | W704: =YEAR(G704) -> 2023
A705: =IF(YEAR(G705)=2024,#REF!,"") | B705: =IF(YEAR(G705)=2025,#REF!,"") | C705: =J705&G705 -> Afternoon45143 | D705: =IF('by region'!$C$2="Any","Any",'Turf only'!V705)&M705&IF('by region'!$I$2="Any","Any",N705)&G705 -> AnyFlatAny45143 | E705: =IF(I705=#REF!,'Turf only'!G705,"") -> #REF! | F705: =G705&S705 -> #REF! | G705: 45143 | H705: Saturday | I705: Thirsk | J705: Afternoon | K705: Independent | L705: North | M705: Flat | N705: Turf | O705: Racecourse/Normal | P705: =IF(J705="Afternoon",1,IF(J705="Evening",2,IF(J705="Floodlit",3,4))) -> 1 | Q705: {=SUMPRODUCT(($G$2:$G$2765=G705)*(P705>$P$2:$P$2765))+1} -> 1 | R705: =(Q705*100000)+#REF! -> #REF! | S705: {=SUMPRODUCT(($G$2:$G$2765=G705)*(R705>$R$2:$R$2765))+1} -> #REF! | T705: =_xlfn.CONCAT(IF(M705="Flat",UPPER(I705),I705)," ",IF(J705="Evening","†",IF(J705="Floodlit","#",""))) -> THIRSK | U705: 0 | V705: North | W705: =YEAR(G705) -> 2023
A706: =IF(YEAR(G706)=2024,#REF!,"") | B706: =IF(YEAR(G706)=2025,#REF!,"") | C706: =J706&G706 -> Afternoon45144 | D706: =IF('by region'!$C$2="Any","Any",'Turf only'!V706)&M706&IF('by region'!$I$2="Any","Any",N706)&G706 -> AnyFlatAny45144 | E706: =IF(I706=#REF!,'Turf only'!G706,"") -> #REF! | F706: =G706&S706 -> #REF! | G706: 45144 | H706: Sunday | I706: Chester | J706: Afternoon | K706: Independent | L706: Midlands | M706: Flat | N706: Turf | O706: Racecourse/Normal | P706: =IF(J706="Afternoon",1,IF(J706="Evening",2,IF(J706="Floodlit",3,4))) -> 1 | Q706: {=SUMPRODUCT(($G$2:$G$2765=G706)*(P706>$P$2:$P$2765))+1} -> 1 | R706: =(Q706*100000)+#REF! -> #REF! | S706: {=SUMPRODUCT(($G$2:$G$2765=G706)*(R706>$R$2:$R$2765))+1} -> #REF! | T706: =_xlfn.CONCAT(IF(M706="Flat",UPPER(I706),I706)," ",IF(J706="Evening","†",IF(J706="Floodlit","#",""))) -> CHESTER | U706: 0 | V706: Midlands | W706: =YEAR(G706) -> 2023
... A1150: =IF(YEAR(G1150)=2024,#REF!,"") | B1150: =IF(YEAR(G1150)=2025,#REF!,"") | C1150: =J1150&G1150 -> Afternoon45291 | D1150: =IF('by region'!$C$2="Any","Any",'Turf only'!V1150)&M1150&IF('by region'!$I$2="Any","Any",N1150)&G1150 -> AnyJumpAny45291 | E1150: =IF(I1150=#REF!,'Turf only'!G1150,"") -> #REF! | F1150: =G1150&S1150 -> #REF! | G1150: 45291 | H1150: Sunday | I1150: Warwick | J1150: Afternoon | K1150: JCR | L1150: Midlands | M1150: Jump | N1150: Turf | O1150: Racecourse/Normal | P1150: =IF(J1150="Afternoon",1,IF(J1150="Evening",2,IF(J1150="Floodlit",3,4))) -> 1 | Q1150: {=SUMPRODUCT(($G$2:$G$2765=G1150)*(P1150>$P$2:$P$2765))+1} -> 1 | R1150: =(Q1150*100000)+#REF! -> #REF! | S1150: {=SUMPRODUCT(($G$2:$G$2765=G1150)*(R1150>$R$2:$R$2765))+1} -> #REF! | T1150: =_xlfn.CONCAT(IF(M1150="Flat",UPPER(I1150),I1150)," ",IF(J1150="Evening","†",IF(J1150="Floodlit","#",""))) -> Warwick | U1150: -2.25 | V1150: South | W1150: =YEAR(G1150) -> 2023
A1151: =IF(YEAR(G1151)=2024,#REF!,"") | B1151: =IF(YEAR(G1151)=2025,#REF!,"") | C1151: =J1151&G1151 | D1151: =IF('by region'!$C$2="Any","Any",'Turf only'!V1151)&M1151&IF('by region'!$I$2="Any","Any",N1151)&G1151 -> AnyAny | E1151: =IF(I1151=#REF!,'Turf only'!G1151,"") -> #REF! | F1151: =G1151&S1151 | P1151: =IF(J1151="Afternoon",1,IF(J1151="Evening",2,IF(J1151="Floodlit",3,4))) -> 4 | Q1151: {=SUMPRODUCT(($G$2:$G$2765=G1151)*(P1151>$P$2:$P$2765))+1} -> 1320 | R1151: =(Q1151*100000)+#REF! -> #REF! | W1151: =YEAR(G1151) -> 1900
A1152: =IF(YEAR(G1152)=2024,#REF!,"") | B1152: =IF(YEAR(G1152)=2025,#REF!,"") | C1152: =J1152&G1152 | D1152: =IF('by region'!$C$2="Any","Any",'Turf only'!V1152)&M1152&IF('by region'!$I$2="Any","Any",N1152)&G1152 -> AnyAny | E1152: =IF(I1152=#REF!,'Turf only'!G1152,"") -> #REF! | F1152: =G1152&S1152 | P1152: =IF(J1152="Afternoon",1,IF(J1152="Evening",2,IF(J1152="Floodlit",3,4))) -> 4 | Q1152: {=SUMPRODUCT(($G$2:$G$2765=G1152)*(P1152>$P$2:$P$2765))+1} -> 1320 | R1152: =(Q1152*100000)+#REF! -> #REF! | W1152: =YEAR(G1152) -> 1900
A1153: =IF(YEAR(G1153)=2024,#REF!,"") | B1153: =IF(YEAR(G1153)=2025,#REF!,"") | C1153: =J1153&G1153 | D1153: =IF('by region'!$C$2="Any","Any",'Turf only'!V1153)&M1153&IF('by region'!$I$2="Any","Any",N1153)&G1153 -> AnyAny | E1153: =IF(I1153=#REF!,'Turf only'!G1153,"") -> #REF! | F1153: =G1153&S1153 | P1153: =IF(J1153="Afternoon",1,IF(J1153="Evening",2,IF(J1153="Floodlit",3,4))) -> 4 | Q1153: {=SUMPRODUCT(($G$2:$G$2765=G1153)*(P1153>$P$2:$P$2765))+1} -> 1320 | R1153: =(Q1153*100000)+#REF! -> #REF! | W1153: =YEAR(G1153) -> 1900
A1154: =IF(YEAR(G1154)=2024,#REF!,"") | B1154: =IF(YEAR(G1154)=2025,#REF!,"") | C1154: =J1154&G1154 | D1154: =IF('by region'!$C$2="Any","Any",'Turf only'!V1154)&M1154&IF('by region'!$I$2="Any","Any",N1154)&G1154 -> AnyAny | E1154: =IF(I1154=#REF!,'Turf only'!G1154,"") -> #REF! | F1154: =G1154&S1154 | P1154: =IF(J1154="Afternoon",1,IF(J1154="Evening",2,IF(J1154="Floodlit",3,4))) -> 4 | Q1154: {=SUMPRODUCT(($G$2:$G$2765=G1154)*(P1154>$P$2:$P$2765))+1} -> 1320 | R1154: =(Q1154*100000)+#REF! -> #REF! | W1154: =YEAR(G1154) -> 1900
A1155: =IF(YEAR(G1155)=2024,#REF!,"") | B1155: =IF(YEAR(G1155)=2025,#REF!,"") | C1155: =J1155&G1155 | D1155: =IF('by region'!$C$2="Any","Any",'Turf only'!V1155)&M1155&IF('by region'!$I$2="Any","Any",N1155)&G1155 -> AnyAny | E1155: =IF(I1155=#REF!,'Turf only'!G1155,"") -> #REF! | F1155: =G1155&S1155 | P1155: =IF(J1155="Afternoon",1,IF(J1155="Evening",2,IF(J1155="Floodlit",3,4))) -> 4 | Q1155: {=SUMPRODUCT(($G$2:$G$2765=G1155)*(P1155>$P$2:$P$2765))+1} -> 1320 | R1155: =(Q1155*100000)+#REF! -> #REF! | W1155: =YEAR(G1155) -> 1900
A1156: =IF(YEAR(G1156)=2024,#REF!,"") | B1156: =IF(YEAR(G1156)=2025,#REF!,"") | C1156: =J1156&G1156 | D1156: =IF('by region'!$C$2="Any","Any",'Turf only'!V1156)&M1156&IF('by region'!$I$2="Any","Any",N1156)&G1156 -> AnyAny | E1156: =IF(I1156=#REF!,'Turf only'!G1156,"") -> #REF! | F1156: =G1156&S1156 | P1156: =IF(J1156="Afternoon",1,IF(J1156="Evening",2,IF(J1156="Floodlit",3,4))) -> 4 | Q1156: {=SUMPRODUCT(($G$2:$G$2765=G1156)*(P1156>$P$2:$P$2765))+1} -> 1320 | R1156: =(Q1156*100000)+#REF! -> #REF! | W1156: =YEAR(G1156) -> 1900
A1157: =IF(YEAR(G1157)=2024,#REF!,"") | B1157: =IF(YEAR(G1157)=2025,#REF!,"") | C1157: =J1157&G1157 | D1157: =IF('by region'!$C$2="Any","Any",'Turf only'!V1157)&M1157&IF('by region'!$I$2="Any","Any",N1157)&G1157 -> AnyAny | E1157: =IF(I1157=#REF!,'Turf only'!G1157,"") -> #REF! | F1157: =G1157&S1157 | P1157: =IF(J1157="Afternoon",1,IF(J1157="Evening",2,IF(J1157="Floodlit",3,4))) -> 4 | Q1157: {=SUMPRODUCT(($G$2:$G$2765=G1157)*(P1157>$P$2:$P$2765))+1} -> 1320 | R1157: =(Q1157*100000)+#REF! -> #REF! | W1157: =YEAR(G1157) -> 1900
A1158: =IF(YEAR(G1158)=2024,#REF!,"") | B1158: =IF(YEAR(G1158)=2025,#REF!,"") | C1158: =J1158&G1158 | D1158: =IF('by region'!$C$2="Any","Any",'Turf only'!V1158)&M1158&IF('by region'!$I$2="Any","Any",N1158)&G1158 -> AnyAny | E1158: =IF(I1158=#REF!,'Turf only'!G1158,"") -> #REF! | F1158: =G1158&S1158 | P1158: =IF(J1158="Afternoon",1,IF(J1158="Evening",2,IF(J1158="Floodlit",3,4))) -> 4 | Q1158: {=SUMPRODUCT(($G$2:$G$2765=G1158)*(P1158>$P$2:$P$2765))+1} -> 1320 | R1158: =(Q1158*100000)+#REF! -> #REF! | W1158: =YEAR(G1158) -> 1900
A1159: =IF(YEAR(G1159)=2024,#REF!,"") | B1159: =IF(YEAR(G1159)=2025,#REF!,"") | C1159: =J1159&G1159 | D1159: =IF('by region'!$C$2="Any","Any",'Turf only'!V1159)&M1159&IF('by region'!$I$2="Any","Any",N1159)&G1159 -> AnyAny | E1159: =IF(I1159=#REF!,'Turf only'!G1159,"") -> #REF! | F1159: =G1159&S1159 | P1159: =IF(J1159="Afternoon",1,IF(J1159="Evening",2,IF(J1159="Floodlit",3,4))) -> 4 | Q1159: {=SUMPRODUCT(($G$2:$G$2765=G1159)*(P1159>$P$2:$P$2765))+1} -> 1320 | R1159: =(Q1159*100000)+#REF! -> #REF! | W1159: =YEAR(G1159) -> 1900
A1160: =IF(YEAR(G1160)=2024,#REF!,"") | B1160: =IF(YEAR(G1160)=2025,#REF!,"") | C1160: =J1160&G1160 | D1160: =IF('by region'!$C$2="Any","Any",'Turf only'!V1160)&M1160&IF('by region'!$I$2="Any","Any",N1160)&G1160 -> AnyAny | E1160: =IF(I1160=#REF!,'Turf only'!G1160,"") -> #REF! | F1160: =G1160&S1160 | P1160: =IF(J1160="Afternoon",1,IF(J1160="Evening",2,IF(J1160="Floodlit",3,4))) -> 4 | Q1160: {=SUMPRODUCT(($G$2:$G$2765=G1160)*(P1160>$P$2:$P$2765))+1} -> 1320 | R1160: =(Q1160*100000)+#REF! -> #REF! | W1160: =YEAR(G1160) -> 1900
A1161: =IF(YEAR(G1161)=2024,#REF!,"") | B1161: =IF(YEAR(G1161)=2025,#REF!,"") | C1161: =J1161&G1161 | D1161: =IF('by region'!$C$2="Any","Any",'Turf only'!V1161)&M1161&IF('by region'!$I$2="Any","Any",N1161)&G1161 -> AnyAny | E1161: =IF(I1161=#REF!,'Turf only'!G1161,"") -> #REF! | F1161: =G1161&S1161 | P1161: =IF(J1161="Afternoon",1,IF(J1161="Evening",2,IF(J1161="Floodlit",3,4))) -> 4 | Q1161: {=SUMPRODUCT(($G$2:$G$2765=G1161)*(P1161>$P$2:$P$2765))+1} -> 1320 | R1161: =(Q1161*100000)+#REF! -> #REF! | W1161: =YEAR(G1161) -> 1900
A1162: =IF(YEAR(G1162)=2024,#REF!,"") | B1162: =IF(YEAR(G1162)=2025,#REF!,"") | C1162: =J1162&G1162 | D1162: =IF('by region'!$C$2="Any","Any",'Turf only'!V1162)&M1162&IF('by region'!$I$2="Any","Any",N1162)&G1162 -> AnyAny | E1162: =IF(I1162=#REF!,'Turf only'!G1162,"") -> #REF! | F1162: =G1162&S1162 | P1162: =IF(J1162="Afternoon",1,IF(J1162="Evening",2,IF(J1162="Floodlit",3,4))) -> 4 | Q1162: {=SUMPRODUCT(($G$2:$G$2765=G1162)*(P1162>$P$2:$P$2765))+1} -> 1320 | R1162: =(Q1162*100000)+#REF! -> #REF! | W1162: =YEAR(G1162) -> 1900
... A1179: =IF(YEAR(G1179)=2024,#REF!,"") | B1179: =IF(YEAR(G1179)=2025,#REF!,"") | C1179: =J1179&G1179 | D1179: =IF('by region'!$C$2="Any","Any",'Turf only'!V1179)&M1179&IF('by region'!$I$2="Any","Any",N1179)&G1179 -> AnyAny | E1179: =IF(I1179=#REF!,'Turf only'!G1179,"") -> #REF! | F1179: =G1179&S1179 | P1179: =IF(J1179="Afternoon",1,IF(J1179="Evening",2,IF(J1179="Floodlit",3,4))) -> 4 | Q1179: {=SUMPRODUCT(($G$2:$G$2765=G1179)*(P1179>$P$2:$P$2765))+1} -> 1320 | R1179: =(Q1179*100000)+#REF! -> #REF! | W1179: =YEAR(G1179) -> 1900
A1180: =IF(YEAR(G1180)=2024,#REF!,"") | B1180: =IF(YEAR(G1180)=2025,#REF!,"") | C1180: =J1180&G1180 | D1180: =IF('by region'!$C$2="Any","Any",'Turf only'!V1180)&M1180&IF('by region'!$I$2="Any","Any",N1180)&G1180 -> AnyAny | E1180: =IF(I1180=#REF!,'Turf only'!G1180,"") -> #REF! | F1180: =G1180&S1180 | P1180: =IF(J1180="Afternoon",1,IF(J1180="Evening",2,IF(J1180="Floodlit",3,4))) -> 4 | Q1180: {=SUMPRODUCT(($G$2:$G$2765=G1180)*(P1180>$P$2:$P$2765))+1} -> 1320 | R1180: =(Q1180*100000)+#REF! -> #REF!
A1181: =IF(YEAR(G1181)=2024,#REF!,"") | B1181: =IF(YEAR(G1181)=2025,#REF!,"") | C1181: =J1181&G1181 | D1181: =IF('by region'!$C$2="Any","Any",'Turf only'!V1181)&M1181&IF('by region'!$I$2="Any","Any",N1181)&G1181 -> AnyAny | E1181: =IF(I1181=#REF!,'Turf only'!G1181,"") -> #REF! | F1181: =G1181&S1181 | P1181: =IF(J1181="Afternoon",1,IF(J1181="Evening",2,IF(J1181="Floodlit",3,4))) -> 4 | Q1181: {=SUMPRODUCT(($G$2:$G$2765=G1181)*(P1181>$P$2:$P$2765))+1} -> 1320 | R1181: =(Q1181*100000)+#REF! -> #REF!
A1182: =IF(YEAR(G1182)=2024,#REF!,"") | B1182: =IF(YEAR(G1182)=2025,#REF!,"") | C1182: =J1182&G1182 | D1182: =IF('by region'!$C$2="Any","Any",'Turf only'!V1182)&M1182&IF('by region'!$I$2="Any","Any",N1182)&G1182 -> AnyAny | E1182: =IF(I1182=#REF!,'Turf only'!G1182,"") -> #REF! | F1182: =G1182&S1182 | P1182: =IF(J1182="Afternoon",1,IF(J1182="Evening",2,IF(J1182="Floodlit",3,4))) -> 4 | Q1182: {=SUMPRODUCT(($G$2:$G$2765=G1182)*(P1182>$P$2:$P$2765))+1} -> 1320 | R1182: =(Q1182*100000)+#REF! -> #REF!
A1183: =IF(YEAR(G1183)=2024,#REF!,"") | B1183: =IF(YEAR(G1183)=2025,#REF!,"") | C1183: =J1183&G1183 | D1183: =IF('by region'!$C$2="Any","Any",'Turf only'!V1183)&M1183&IF('by region'!$I$2="Any","Any",N1183)&G1183 -> AnyAny | E1183: =IF(I1183=#REF!,'Turf only'!G1183,"") -> #REF! | F1183: =G1183&S1183 | P1183: =IF(J1183="Afternoon",1,IF(J1183="Evening",2,IF(J1183="Floodlit",3,4))) -> 4 | Q1183: {=SUMPRODUCT(($G$2:$G$2765=G1183)*(P1183>$P$2:$P$2765))+1} -> 1320 | R1183: =(Q1183*100000)+#REF! -> #REF!
A1184: =IF(YEAR(G1184)=2024,#REF!,"") | B1184: =IF(YEAR(G1184)=2025,#REF!,"") | C1184: =J1184&G1184 | D1184: =IF('by region'!$C$2="Any","Any",'Turf only'!V1184)&M1184&IF('by region'!$I$2="Any","Any",N1184)&G1184 -> AnyAny | E1184: =IF(I1184=#REF!,'Turf only'!G1184,"") -> #REF! | F1184: =G1184&S1184 | P1184: =IF(J1184="Afternoon",1,IF(J1184="Evening",2,IF(J1184="Floodlit",3,4))) -> 4 | Q1184: {=SUMPRODUCT(($G$2:$G$2765=G1184)*(P1184>$P$2:$P$2765))+1} -> 1320 | R1184: =(Q1184*100000)+#REF! -> #REF!
A1185: =IF(YEAR(G1185)=2024,#REF!,"") | B1185: =IF(YEAR(G1185)=2025,#REF!,"") | C1185: =J1185&G1185 | D1185: =IF('by region'!$C$2="Any","Any",'Turf only'!V1185)&M1185&IF('by region'!$I$2="Any","Any",N1185)&G1185 -> AnyAny | E1185: =IF(I1185=#REF!,'Turf only'!G1185,"") -> #REF! | F1185: =G1185&S1185 | P1185: =IF(J1185="Afternoon",1,IF(J1185="Evening",2,IF(J1185="Floodlit",3,4))) -> 4 | Q1185: {=SUMPRODUCT(($G$2:$G$2765=G1185)*(P1185>$P$2:$P$2765))+1} -> 1320 | R1185: =(Q1185*100000)+#REF! -> #REF!
A1186: =IF(YEAR(G1186)=2024,#REF!,"") | B1186: =IF(YEAR(G1186)=2025,#REF!,"") | C1186: =J1186&G1186 | D1186: =IF('by region'!$C$2="Any","Any",'Turf only'!V1186)&M1186&IF('by region'!$I$2="Any","Any",N1186)&G1186 -> AnyAny | E1186: =IF(I1186=#REF!,'Turf only'!G1186,"") -> #REF! | F1186: =G1186&S1186 | P1186: =IF(J1186="Afternoon",1,IF(J1186="Evening",2,IF(J1186="Floodlit",3,4))) -> 4 | Q1186: {=SUMPRODUCT(($G$2:$G$2765=G1186)*(P1186>$P$2:$P$2765))+1} -> 1320 | R1186: =(Q1186*100000)+#REF! -> #REF!
P1187: =IF(J1187="Afternoon",1,IF(J1187="Evening",2,IF(J1187="Floodlit",3,4))) -> 4 | Q1187: {=SUMPRODUCT(($G$2:$G$2765=G1187)*(P1187>$P$2:$P$2765))+1} -> 1320 | R1187: =(Q1187*100000)+#REF! -> #REF!
P1188: =IF(J1188="Afternoon",1,IF(J1188="Evening",2,IF(J1188="Floodlit",3,4))) -> 4 | Q1188: {=SUMPRODUCT(($G$2:$G$2765=G1188)*(P1188>$P$2:$P$2765))+1} -> 1320 | R1188: =(Q1188*100000)+#REF! -> #REF!
P1189: =IF(J1189="Afternoon",1,IF(J1189="Evening",2,IF(J1189="Floodlit",3,4))) -> 4 | Q1189: {=SUMPRODUCT(($G$2:$G$2765=G1189)*(P1189>$P$2:$P$2765))+1} -> 1320 | R1189: =(Q1189*100000)+#REF! -> #REF!
P1190: =IF(J1190="Afternoon",1,IF(J1190="Evening",2,IF(J1190="Floodlit",3,4))) -> 4 | Q1190: {=SUMPRODUCT(($G$2:$G$2765=G1190)*(P1190>$P$2:$P$2765))+1} -> 1320 | R1190: =(Q1190*100000)+#REF! -> #REF!
P1191: =IF(J1191="Afternoon",1,IF(J1191="Evening",2,IF(J1191="Floodlit",3,4))) -> 4 | Q1191: {=SUMPRODUCT(($G$2:$G$2765=G1191)*(P1191>$P$2:$P$2765))+1} -> 1320 | R1191: =(Q1191*100000)+#REF! -> #REF!
P1192: =IF(J1192="Afternoon",1,IF(J1192="Evening",2,IF(J1192="Floodlit",3,4))) -> 4 | Q1192: {=SUMPRODUCT(($G$2:$G$2765=G1192)*(P1192>$P$2:$P$2765))+1} -> 1320 | R1192: =(Q1192*100000)+#REF! -> #REF!
P1193: =IF(J1193="Afternoon",1,IF(J1193="Evening",2,IF(J1193="Floodlit",3,4))) -> 4 | Q1193: {=SUMPRODUCT(($G$2:$G$2765=G1193)*(P1193>$P$2:$P$2765))+1} -> 1320 | R1193: =(Q1193*100000)+#REF! -> #REF!
P1194: =IF(J1194="Afternoon",1,IF(J1194="Evening",2,IF(J1194="Floodlit",3,4))) -> 4 | Q1194: {=SUMPRODUCT(($G$2:$G$2765=G1194)*(P1194>$P$2:$P$2765))+1} -> 1320 | R1194: =(Q1194*100000)+#REF! -> #REF!
P1195: =IF(J1195="Afternoon",1,IF(J1195="Evening",2,IF(J1195="Floodlit",3,4))) -> 4 | Q1195: {=SUMPRODUCT(($G$2:$G$2765=G1195)*(P1195>$P$2:$P$2765))+1} -> 1320 | R1195: =(Q1195*100000)+#REF! -> #REF!
P1196: =IF(J1196="Afternoon",1,IF(J1196="Evening",2,IF(J1196="Floodlit",3,4))) -> 4 | Q1196: {=SUMPRODUCT(($G$2:$G$2765=G1196)*(P1196>$P$2:$P$2765))+1} -> 1320 | R1196: =(Q1196*100000)+#REF! -> #REF!
P1197: =IF(J1197="Afternoon",1,IF(J1197="Evening",2,IF(J1197="Floodlit",3,4))) -> 4 | Q1197: {=SUMPRODUCT(($G$2:$G$2765=G1197)*(P1197>$P$2:$P$2765))+1} -> 1320 | R1197: =(Q1197*100000)+#REF! -> #REF!
P1198: =IF(J1198="Afternoon",1,IF(J1198="Evening",2,IF(J1198="Floodlit",3,4))) -> 4 | Q1198: {=SUMPRODUCT(($G$2:$G$2765=G1198)*(P1198>$P$2:$P$2765))+1} -> 1320 | R1198: =(Q1198*100000)+#REF! -> #REF!
... P1446: =IF(J1446="Afternoon",1,IF(J1446="Evening",2,IF(J1446="Floodlit",3,4))) -> 4 | Q1446: {=SUMPRODUCT(($G$2:$G$2765=G1446)*(P1446>$P$2:$P$2765))+1} -> 1320 | R1446: =(Q1446*100000)+#REF! -> #REF!

Sheet WTX courses
A1: 2024 lu | B1: 2025 lu | C1: Criteria LU | D1: Region LU | E1: Racecourse LU | F1: Overview LU | G1: Date | H1: Weekday | I1: Course | J1: Time | K1: CourseGroup | L1: Region | M1: Code | N1: Surface | O1: Type | P1: pn | Q1: pr | R1: adj_fId | S1: rn | T1: x | U1: Clash | V1: region | W1: Year
A2: =IF(YEAR(G2)=2024,#REF!,"") | B2: =IF(YEAR(G2)=2025,#REF!,"") | C2: =J2&G2 -> Afternoon44927 | D2: =IF('by region'!$C$2="Any","Any",'WTX courses'!V77)&M2&IF('by region'!$I$2="Any","Any",N2)&G2 -> AnyJumpAny44927 | E2: =IF(I2=#REF!,'WTX courses'!G77,"") -> #REF! | F2: =G2&S2 -> #REF! | G2: 44927 | H2: Sunday | I2: Cheltenham | J2: Afternoon | K2: JCR | L2: Midlands | M2: Jump | N2: Turf | O2: Racecourse/Normal | P2: =IF(J2="Afternoon",1,IF(J2="Evening",2,IF(J2="Floodlit",3,4))) -> 1 | Q2: {=SUMPRODUCT(($G$2:$G$2540=G2)*(P2>$P$2:$P$2540))+1} -> 1 | R2: =(Q2*100000)+#REF! -> #REF! | S2: {=SUMPRODUCT(($G$2:$G$2540=G2)*(R2>$R$2:$R$2540))+1} -> #REF! | T2: =_xlfn.CONCAT(IF(M2="Flat",UPPER(I2),I2)," ",IF(J2="Evening","†",IF(J2="Floodlit","#",""))) -> Cheltenham | U2: 0 | V2: North | W2: =YEAR(G2) -> 2023
A3: =IF(YEAR(G3)=2024,#REF!,"") | B3: =IF(YEAR(G3)=2025,#REF!,"") | C3: =J3&G3 -> Afternoon44927 | D3: =IF('by region'!$C$2="Any","Any",'WTX courses'!V93)&M3&IF('by region'!$I$2="Any","Any",N3)&G3 -> AnyJumpAny44927 | E3: =IF(I3=#REF!,'WTX courses'!G93,"") -> #REF! | F3: =G3&S3 -> #REF! | G3: 44927 | H3: Sunday | I3: Exeter | J3: Afternoon | K3: JCR | L3: South | M3: Jump | N3: Turf | O3: Racecourse/Normal | P3: =IF(J3="Afternoon",1,IF(J3="Evening",2,IF(J3="Floodlit",3,4))) -> 1 | Q3: {=SUMPRODUCT(($G$2:$G$2540=G3)*(P3>$P$2:$P$2540))+1} -> 1 | R3: =(Q3*100000)+#REF! -> #REF! | S3: {=SUMPRODUCT(($G$2:$G$2540=G3)*(R3>$R$2:$R$2540))+1} -> #REF! | T3: =_xlfn.CONCAT(IF(M3="Flat",UPPER(I3),I3)," ",IF(J3="Evening","†",IF(J3="Floodlit","#",""))) -> Exeter | U3: 0 | V3: NULL | W3: =YEAR(G3) -> 2023
A4: =IF(YEAR(G4)=2024,#REF!,"") | B4: =IF(YEAR(G4)=2025,#REF!,"") | C4: =J4&G4 -> Afternoon44928 | D4: =IF('by region'!$C$2="Any","Any",'WTX courses'!V98)&M4&IF('by region'!$I$2="Any","Any",N4)&G4 -> AnyFlatAny44928 | E4: =IF(I4=#REF!,'WTX courses'!G98,"") -> #REF! | F4: =G4&S4 -> #REF! | G4: 44928 | H4: Monday | I4: Lingfield Park | J4: Afternoon | K4: ARC | L4: South | M4: Flat | N4: AWT | O4: National/BHA | P4: =IF(J4="Afternoon",1,IF(J4="Evening",2,IF(J4="Floodlit",3,4))) -> 1 | Q4: {=SUMPRODUCT(($G$2:$G$2540=G4)*(P4>$P$2:$P$2540))+1} -> 1 | R4: =(Q4*100000)+#REF! -> #REF! | S4: {=SUMPRODUCT(($G$2:$G$2540=G4)*(R4>$R$2:$R$2540))+1} -> #REF! | T4: =_xlfn.CONCAT(IF(M4="Flat",UPPER(I4),I4)," ",IF(J4="Evening","†",IF(J4="Floodlit","#",""))) -> LINGFIELD PARK | U4: 0 | V4: NULL | W4: =YEAR(G4) -> 2023
A5: =IF(YEAR(G5)=2024,#REF!,"") | B5: =IF(YEAR(G5)=2025,#REF!,"") | C5: =J5&G5 -> Floodlit44928 | D5: =IF('by region'!$C$2="Any","Any",'WTX courses'!V211)&M5&IF('by region'!$I$2="Any","Any",N5)&G5 -> AnyFlatAny44928 | E5: =IF(I5=#REF!,'WTX courses'!G211,"") -> #REF! | F5: =G5&S5 -> #REF! | G5: 44928 | H5: Monday | I5: Newcastle | J5: Floodlit | K5: ARC | L5: North | M5: Flat | N5: AWT | O5: Racecourse/Normal | P5: =IF(J5="Afternoon",1,IF(J5="Evening",2,IF(J5="Floodlit",3,4))) -> 3 | Q5: {=SUMPRODUCT(($G$2:$G$2540=G5)*(P5>$P$2:$P$2540))+1} -> 2 | R5: =(Q5*100000)+#REF! -> #REF! | S5: {=SUMPRODUCT(($G$2:$G$2540=G5)*(R5>$R$2:$R$2540))+1} -> #REF! | T5: =_xlfn.CONCAT(IF(M5="Flat",UPPER(I5),I5)," ",IF(J5="Evening","†",IF(J5="Floodlit","#",""))) -> NEWCASTLE # | U5: 0 | V5: NULL | W5: =YEAR(G5) -> 2023
A6: =IF(YEAR(G6)=2024,#REF!,"") | B6: =IF(YEAR(G6)=2025,#REF!,"") | C6: =J6&G6 -> Afternoon44929 | D6: =IF('by region'!$C$2="Any","Any",'WTX courses'!V214)&M6&IF('by region'!$I$2="Any","Any",N6)&G6 -> AnyFlatAny44929 | E6: =IF(I6=#REF!,'WTX courses'!G214,"") -> #REF! | F6: =G6&S6 -> #REF! | G6: 44929 | H6: Tuesday | I6: Chelmsford City | J6: Afternoon | K6: Independent | L6: South | M6: Flat | N6: AWT | O6: National/BHA | P6: =IF(J6="Afternoon",1,IF(J6="Evening",2,IF(J6="Floodlit",3,4))) -> 1 | Q6: {=SUMPRODUCT(($G$2:$G$2540=G6)*(P6>$P$2:$P$2540))+1} -> 1 | R6: =(Q6*100000)+#REF! -> #REF! | S6: {=SUMPRODUCT(($G$2:$G$2540=G6)*(R6>$R$2:$R$2540))+1} -> #REF! | T6: =_xlfn.CONCAT(IF(M6="Flat",UPPER(I6),I6)," ",IF(J6="Evening","†",IF(J6="Floodlit","#",""))) -> CHELMSFORD CITY | U6: 0 | V6: NULL | W6: =YEAR(G6) -> 2023
A7: =IF(YEAR(G7)=2024,#REF!,"") | B7: =IF(YEAR(G7)=2025,#REF!,"") | C7: =J7&G7 -> Floodlit44929 | D7: =IF('by region'!$C$2="Any","Any",'WTX courses'!V235)&M7&IF('by region'!$I$2="Any","Any",N7)&G7 -> AnyFlatAny44929 | E7: =IF(I7=#REF!,'WTX courses'!G235,"") -> #REF! | F7: =G7&S7 -> #REF! | G7: 44929 | H7: Tuesday | I7: Wolverhampton | J7: Floodlit | K7: ARC | L7: Midlands | M7: Flat | N7: AWT | O7: National/BHA Floodlit | P7: =IF(J7="Afternoon",1,IF(J7="Evening",2,IF(J7="Floodlit",3,4))) -> 3 | Q7: {=SUMPRODUCT(($G$2:$G$2540=G7)*(P7>$P$2:$P$2540))+1} -> 2 | R7: =(Q7*100000)+#REF! -> #REF! | S7: {=SUMPRODUCT(($G$2:$G$2540=G7)*(R7>$R$2:$R$2540))+1} -> #REF! | T7: =_xlfn.CONCAT(IF(M7="Flat",UPPER(I7),I7)," ",IF(J7="Evening","†",IF(J7="Floodlit","#",""))) -> WOLVERHAMPTON # | U7: 0 | V7: NULL | W7: =YEAR(G7) -> 2023
A8: =IF(YEAR(G8)=2024,#REF!,"") | B8: =IF(YEAR(G8)=2025,#REF!,"") | C8: =J8&G8 -> Afternoon44930 | D8: =IF('by region'!$C$2="Any","Any",'WTX courses'!V263)&M8&IF('by region'!$I$2="Any","Any",N8)&G8 -> AnyFlatAny44930 | E8: =IF(I8=#REF!,'WTX courses'!G263,"") -> #REF! | F8: =G8&S8 -> #REF! | G8: 44930 | H8: Wednesday | I8: Newcastle | J8: Afternoon | K8: ARC | L8: North | M8: Flat | N8: AWT | O8: National/BHA | P8: =IF(J8="Afternoon",1,IF(J8="Evening",2,IF(J8="Floodlit",3,4))) -> 1 | Q8: {=SUMPRODUCT(($G$2:$G$2540=G8)*(P8>$P$2:$P$2540))+1} -> 1 | R8: =(Q8*100000)+#REF! -> #REF! | S8: {=SUMPRODUCT(($G$2:$G$2540=G8)*(R8>$R$2:$R$2540))+1} -> #REF! | T8: =_xlfn.CONCAT(IF(M8="Flat",UPPER(I8),I8)," ",IF(J8="Evening","†",IF(J8="Floodlit","#",""))) -> NEWCASTLE | U8: 0 | V8: NULL | W8: =YEAR(G8) -> 2023
A9: =IF(YEAR(G9)=2024,#REF!,"") | B9: =IF(YEAR(G9)=2025,#REF!,"") | C9: =J9&G9 -> Floodlit44930 | D9: =IF('by region'!$C$2="Any","Any",'WTX courses'!V268)&M9&IF('by region'!$I$2="Any","Any",N9)&G9 -> AnyFlatAny44930 | E9: =IF(I9=#REF!,'WTX courses'!G268,"") -> #REF! | F9: =G9&S9 -> #REF! | G9: 44930 | H9: Wednesday | I9: Kempton Park | J9: Floodlit | K9: JCR | L9: South | M9: Flat | N9: AWT | O9: National/BHA Floodlit | P9: =IF(J9="Afternoon",1,IF(J9="Evening",2,IF(J9="Floodlit",3,4))) -> 3 | Q9: {=SUMPRODUCT(($G$2:$G$2540=G9)*(P9>$P$2:$P$2540))+1} -> 2 | R9: =(Q9*100000)+#REF! -> #REF! | S9: {=SUMPRODUCT(($G$2:$G$2540=G9)*(R9>$R$2:$R$2540))+1} -> #REF! | T9: =_xlfn.CONCAT(IF(M9="Flat",UPPER(I9),I9)," ",IF(J9="Evening","†",IF(J9="Floodlit","#",""))) -> KEMPTON PARK # | U9: 0 | V9: NULL | W9: =YEAR(G9) -> 2023
A10: =IF(YEAR(G10)=2024,#REF!,"") | B10: =IF(YEAR(G10)=2025,#REF!,"") | C10: =J10&G10 -> Afternoon44931 | D10: =IF('by region'!$C$2="Any","Any",'WTX courses'!V292)&M10&IF('by region'!$I$2="Any","Any",N10)&G10 -> AnyFlatAny44931 | E10: =IF(I10=#REF!,'WTX courses'!G292,"") -> #REF! | F10: =G10&S10 -> #REF! | G10: 44931 | H10: Thursday | I10: Wolverhampton | J10: Afternoon | K10: ARC | L10: Midlands | M10: Flat | N10: AWT | O10: National/BHA | P10: =IF(J10="Afternoon",1,IF(J10="Evening",2,IF(J10="Floodlit",3,4))) -> 1 | Q10: {=SUMPRODUCT(($G$2:$G$2540=G10)*(P10>$P$2:$P$2540))+1} -> 1 | R10: =(Q10*100000)+#REF! -> #REF! | S10: {=SUMPRODUCT(($G$2:$G$2540=G10)*(R10>$R$2:$R$2540))+1} -> #REF! | T10: =_xlfn.CONCAT(IF(M10="Flat",UPPER(I10),I10)," ",IF(J10="Evening","†",IF(J10="Floodlit","#",""))) -> WOLVERHAMPTON | U10: 0 | V10: NULL | W10: =YEAR(G10) -> 2023
A11: =IF(YEAR(G11)=2024,#REF!,"") | B11: =IF(YEAR(G11)=2025,#REF!,"") | C11: =J11&G11 -> Floodlit44931 | D11: =IF('by region'!$C$2="Any","Any",'WTX courses'!V350)&M11&IF('by region'!$I$2="Any","Any",N11)&G11 -> AnyFlatAny44931 | E11: =IF(I11=#REF!,'WTX courses'!G350,"") -> #REF! | F11: =G11&S11 -> #REF! | G11: 44931 | H11: Thursday | I11: Chelmsford City | J11: Floodlit | K11: Independent | L11: South | M11: Flat | N11: AWT | O11: National/BHA Floodlit | P11: =IF(J11="Afternoon",1,IF(J11="Evening",2,IF(J11="Floodlit",3,4))) -> 3 | Q11: {=SUMPRODUCT(($G$2:$G$2540=G11)*(P11>$P$2:$P$2540))+1} -> 3 | R11: =(Q11*100000)+#REF! -> #REF! | S11: {=SUMPRODUCT(($G$2:$G$2540=G11)*(R11>$R$2:$R$2540))+1} -> #REF! | T11: =_xlfn.CONCAT(IF(M11="Flat",UPPER(I11),I11)," ",IF(J11="Evening","†",IF(J11="Floodlit","#",""))) -> CHELMSFORD CITY # | U11: 0 | V11: NULL | W11: =YEAR(G11) -> 2023
A12: =IF(YEAR(G12)=2024,#REF!,"") | B12: =IF(YEAR(G12)=2025,#REF!,"") | C12: =J12&G12 -> Afternoon44931 | D12: =IF('by region'!$C$2="Any","Any",'WTX courses'!V372)&M12&IF('by region'!$I$2="Any","Any",N12)&G12 -> AnyJumpAny44931 | E12: =IF(I12=#REF!,'WTX courses'!G372,"") -> #REF! | F12: =G12&S12 -> #REF! | G12: 44931 | H12: Thursday | I12: Ffos Las | J12: Afternoon | K12: ARC | L12: South | M12: Jump | N12: Turf | O12: National/BHA | P12: =IF(J12="Afternoon",1,IF(J12="Evening",2,IF(J12="Floodlit",3,4))) -> 1 | Q12: {=SUMPRODUCT(($G$2:$G$2540=G12)*(P12>$P$2:$P$2540))+1} -> 1 | R12: =(Q12*100000)+#REF! -> #REF! | S12: {=SUMPRODUCT(($G$2:$G$2540=G12)*(R12>$R$2:$R$2540))+1} -> #REF! | T12: =_xlfn.CONCAT(IF(M12="Flat",UPPER(I12),I12)," ",IF(J12="Evening","†",IF(J12="Floodlit","#",""))) -> Ffos Las | U12: 0 | V12: NULL | W12: =YEAR(G12) -> 2023
A13: =IF(YEAR(G13)=2024,#REF!,"") | B13: =IF(YEAR(G13)=2025,#REF!,"") | C13: =J13&G13 -> Afternoon44932 | D13: =IF('by region'!$C$2="Any","Any",'WTX courses'!V374)&M13&IF('by region'!$I$2="Any","Any",N13)&G13 -> AnyFlatAny44932 | E13: =IF(I13=#REF!,'WTX courses'!G374,"") -> #REF! | F13: =G13&S13 -> #REF! | G13: 44932 | H13: Friday | I13: Kempton Park | J13: Afternoon | K13: JCR | L13: South | M13: Flat | N13: AWT | O13: National/BHA | P13: =IF(J13="Afternoon",1,IF(J13="Evening",2,IF(J13="Floodlit",3,4))) -> 1 | Q13: {=SUMPRODUCT(($G$2:$G$2540=G13)*(P13>$P$2:$P$2540))+1} -> 1 | R13: =(Q13*100000)+#REF! -> #REF! | S13: {=SUMPRODUCT(($G$2:$G$2540=G13)*(R13>$R$2:$R$2540))+1} -> #REF! | T13: =_xlfn.CONCAT(IF(M13="Flat",UPPER(I13),I13)," ",IF(J13="Evening","†",IF(J13="Floodlit","#",""))) -> KEMPTON PARK | U13: 0 | V13: South | W13: =YEAR(G13) -> 2023
A14: =IF(YEAR(G14)=2024,#REF!,"") | B14: =IF(YEAR(G14)=2025,#REF!,"") | C14: =J14&G14 -> Floodlit44933 | D14: =IF('by region'!$C$2="Any","Any",'WTX courses'!V382)&M14&IF('by region'!$I$2="Any","Any",N14)&G14 -> AnyFlatAny44933 | E14: =IF(I14=#REF!,'WTX courses'!G382,"") -> #REF! | F14: =G14&S14 -> #REF! | G14: 44933 | H14: Saturday | I14: Kempton Park | J14: Floodlit | K14: JCR | L14: South | M14: Flat | N14: AWT | O14: National/BHA Floodlit | P14: =IF(J14="Afternoon",1,IF(J14="Evening",2,IF(J14="Floodlit",3,4))) -> 3 | Q14: {=SUMPRODUCT(($G$2:$G$2540=G14)*(P14>$P$2:$P$2540))+1} -> 5 | R14: =(Q14*100000)+#REF! -> #REF! | S14: {=SUMPRODUCT(($G$2:$G$2540=G14)*(R14>$R$2:$R$2540))+1} -> #REF! | T14: =_xlfn.CONCAT(IF(M14="Flat",UPPER(I14),I14)," ",IF(J14="Evening","†",IF(J14="Floodlit","#",""))) -> KEMPTON PARK # | U14: 0 | V14: North | W14: =YEAR(G14) -> 2023
A15: =IF(YEAR(G15)=2024,#REF!,"") | B15: =IF(YEAR(G15)=2025,#REF!,"") | C15: =J15&G15 -> Afternoon44933 | D15: =IF('by region'!$C$2="Any","Any",'WTX courses'!V507)&M15&IF('by region'!$I$2="Any","Any",N15)&G15 -> AnyFlatAny44933 | E15: =IF(I15=#REF!,'WTX courses'!G507,"") -> #REF! | F15: =G15&S15 -> #REF! | G15: 44933 | H15: Saturday | I15: Lingfield Park | J15: Afternoon | K15: ARC | L15: South | M15: Flat | N15: AWT | O15: Racecourse/Normal | P15: =IF(J15="Afternoon",1,IF(J15="Evening",2,IF(J15="Floodlit",3,4))) -> 1 | Q15: {=SUMPRODUCT(($G$2:$G$2540=G15)*(P15>$P$2:$P$2540))+1} -> 1 | R15: =(Q15*100000)+#REF! -> #REF! | S15: {=SUMPRODUCT(($G$2:$G$2540=G15)*(R15>$R$2:$R$2540))+1} -> #REF! | T15: =_xlfn.CONCAT(IF(M15="Flat",UPPER(I15),I15)," ",IF(J15="Evening","†",IF(J15="Floodlit","#",""))) -> LINGFIELD PARK | U15: 0 | V15: South | W15: =YEAR(G15) -> 2023
A16: =IF(YEAR(G16)=2024,#REF!,"") | B16: =IF(YEAR(G16)=2025,#REF!,"") | C16: =J16&G16 -> Afternoon44933 | D16: =IF('by region'!$C$2="Any","Any",'WTX courses'!V78)&M16&IF('by region'!$I$2="Any","Any",N16)&G16 -> AnyJumpAny44933 | E16: =IF(I16=#REF!,'WTX courses'!G78,"") -> #REF! | F16: =G16&S16 -> #REF! | G16: 44933 | H16: Saturday | I16: Newcastle | J16: Afternoon | K16: ARC | L16: North | M16: Jump | N16: Turf | O16: Racecourse/Normal | P16: =IF(J16="Afternoon",1,IF(J16="Evening",2,IF(J16="Floodlit",3,4))) -> 1 | Q16: {=SUMPRODUCT(($G$2:$G$2540=G16)*(P16>$P$2:$P$2540))+1} -> 1 | R16: =(Q16*100000)+#REF! -> #REF! | S16: {=SUMPRODUCT(($G$2:$G$2540=G16)*(R16>$R$2:$R$2540))+1} -> #REF! | T16: =_xlfn.CONCAT(IF(M16="Flat",UPPER(I16),I16)," ",IF(J16="Evening","†",IF(J16="Floodlit","#",""))) -> Newcastle | U16: 0 | V16: South | W16: =YEAR(G16) -> 2023
A17: =IF(YEAR(G17)=2024,#REF!,"") | B17: =IF(YEAR(G17)=2025,#REF!,"") | C17: =J17&G17 -> Afternoon44933 | D17: =IF('by region'!$C$2="Any","Any",'WTX courses'!V79)&M17&IF('by region'!$I$2="Any","Any",N17)&G17 -> AnyJumpAny44933 | E17: =IF(I17=#REF!,'WTX courses'!G79,"") -> #REF! | F17: =G17&S17 -> #REF! | G17: 44933 | H17: Saturday | I17: Sandown Park | J17: Afternoon | K17: JCR | L17: South | M17: Jump | N17: Turf | O17: Racecourse/Normal | P17: =IF(J17="Afternoon",1,IF(J17="Evening",2,IF(J17="Floodlit",3,4))) -> 1 | Q17: {=SUMPRODUCT(($G$2:$G$2540=G17)*(P17>$P$2:$P$2540))+1} -> 1 | R17: =(Q17*100000)+#REF! -> #REF! | S17: {=SUMPRODUCT(($G$2:$G$2540=G17)*(R17>$R$2:$R$2540))+1} -> #REF! | T17: =_xlfn.CONCAT(IF(M17="Flat",UPPER(I17),I17)," ",IF(J17="Evening","†",IF(J17="Floodlit","#",""))) -> Sandown Park | U17: 0 | V17: NULL | W17: =YEAR(G17) -> 2023
A18: =IF(YEAR(G18)=2024,#REF!,"") | B18: =IF(YEAR(G18)=2025,#REF!,"") | C18: =J18&G18 -> Afternoon44933 | D18: =IF('by region'!$C$2="Any","Any",'WTX courses'!V80)&M18&IF('by region'!$I$2="Any","Any",N18)&G18 -> AnyJumpAny44933 | E18: =IF(I18=#REF!,'WTX courses'!G80,"") -> #REF! | F18: =G18&S18 -> #REF! | G18: 44933 | H18: Saturday | I18: Wincanton | J18: Afternoon | K18: JCR | L18: South | M18: Jump | N18: Turf | O18: Racecourse/Normal | P18: =IF(J18="Afternoon",1,IF(J18="Evening",2,IF(J18="Floodlit",3,4))) -> 1 | Q18: {=SUMPRODUCT(($G$2:$G$2540=G18)*(P18>$P$2:$P$2540))+1} -> 1 | R18: =(Q18*100000)+#REF! -> #REF! | S18: {=SUMPRODUCT(($G$2:$G$2540=G18)*(R18>$R$2:$R$2540))+1} -> #REF! | T18: =_xlfn.CONCAT(IF(M18="Flat",UPPER(I18),I18)," ",IF(J18="Evening","†",IF(J18="Floodlit","#",""))) -> Wincanton | U18: 0 | V18: Midlands | W18: =YEAR(G18) -> 2023
A19: =IF(YEAR(G19)=2024,#REF!,"") | B19: =IF(YEAR(G19)=2025,#REF!,"") | C19: =J19&G19 -> Afternoon44934 | D19: =IF('by region'!$C$2="Any","Any",'WTX courses'!V81)&M19&IF('by region'!$I$2="Any","Any",N19)&G19 -> AnyJumpAny44934 | E19: =IF(I19=#REF!,'WTX courses'!G81,"") -> #REF! | F19: =G19&S19 -> #REF! | G19: 44934 | H19: Sunday | I19: Chepstow | J19: Afternoon | K19: ARC | L19: South | M19: Jump | N19: Turf | O19: National/BHA | P19: =IF(J19="Afternoon",1,IF(J19="Evening",2,IF(J19="Floodlit",3,4))) -> 1 | Q19: {=SUMPRODUCT(($G$2:$G$2540=G19)*(P19>$P$2:$P$2540))+1} -> 1 | R19: =(Q19*100000)+#REF! -> #REF! | S19: {=SUMPRODUCT(($G$2:$G$2540=G19)*(R19>$R$2:$R$2540))+1} -> #REF! | T19: =_xlfn.CONCAT(IF(M19="Flat",UPPER(I19),I19)," ",IF(J19="Evening","†",IF(J19="Floodlit","#",""))) -> Chepstow | U19: 0 | V19: NULL | W19: =YEAR(G19) -> 2023
A20: =IF(YEAR(G20)=2024,#REF!,"") | B20: =IF(YEAR(G20)=2025,#REF!,"") | C20: =J20&G20 -> Floodlit44935 | D20: =IF('by region'!$C$2="Any","Any",'WTX courses'!V82)&M20&IF('by region'!$I$2="Any","Any",N20)&G20 -> AnyFlatAny44935 | E20: =IF(I20=#REF!,'WTX courses'!G82,"") -> #REF! | F20: =G20&S20 -> #REF! | G20: 44935 | H20: Monday | I20: Wolverhampton | J20: Floodlit | K20: ARC | L20: Midlands | M20: Flat | N20: AWT | O20: Racecourse/Normal | P20: =IF(J20="Afternoon",1,IF(J20="Evening",2,IF(J20="Floodlit",3,4))) -> 3 | Q20: {=SUMPRODUCT(($G$2:$G$2540=G20)*(P20>$P$2:$P$2540))+1} -> 1 | R20: =(Q20*100000)+#REF! -> #REF! | S20: {=SUMPRODUCT(($G$2:$G$2540=G20)*(R20>$R$2:$R$2540))+1} -> #REF! | T20: =_xlfn.CONCAT(IF(M20="Flat",UPPER(I20),I20)," ",IF(J20="Evening","†",IF(J20="Floodlit","#",""))) -> WOLVERHAMPTON # | U20: 0 | V20: NULL | W20: =YEAR(G20) -> 2023
A21: =IF(YEAR(G21)=2024,#REF!,"") | B21: =IF(YEAR(G21)=2025,#REF!,"") | C21: =J21&G21 -> Afternoon44936 | D21: =IF('by region'!$C$2="Any","Any",'WTX courses'!V83)&M21&IF('by region'!$I$2="Any","Any",N21)&G21 -> AnyJumpAny44936 | E21: =IF(I21=#REF!,'WTX courses'!G83,"") -> #REF! | F21: =G21&S21 -> #REF! | G21: 44936 | H21: Tuesday | I21: Exeter | J21: Afternoon | K21: JCR | L21: South | M21: Jump | N21: Turf | O21: National/BHA | P21: =IF(J21="Afternoon",1,IF(J21="Evening",2,IF(J21="Floodlit",3,4))) -> 1 | Q21: {=SUMPRODUCT(($G$2:$G$2540=G21)*(P21>$P$2:$P$2540))+1} -> 1 | R21: =(Q21*100000)+#REF! -> #REF! | S21: {=SUMPRODUCT(($G$2:$G$2540=G21)*(R21>$R$2:$R$2540))+1} -> #REF! | T21: =_xlfn.CONCAT(IF(M21="Flat",UPPER(I21),I21)," ",IF(J21="Evening","†",IF(J21="Floodlit","#",""))) -> Exeter | U21: 0 | V21: Midlands | W21: =YEAR(G21) -> 2023
A22: =IF(YEAR(G22)=2024,#REF!,"") | B22: =IF(YEAR(G22)=2025,#REF!,"") | C22: =J22&G22 -> Floodlit44937 | D22: =IF('by region'!$C$2="Any","Any",'WTX courses'!V84)&M22&IF('by region'!$I$2="Any","Any",N22)&G22 -> AnyFlatAny44937 | E22: =IF(I22=#REF!,'WTX courses'!G84,"") -> #REF! | F22: =G22&S22 -> #REF! | G22: 44937 | H22: Wednesday | I22: Kempton Park | J22: Floodlit | K22: JCR | L22: South | M22: Flat | N22: AWT | O22: National/BHA Floodlit | P22: =IF(J22="Afternoon",1,IF(J22="Evening",2,IF(J22="Floodlit",3,4))) -> 3 | Q22: {=SUMPRODUCT(($G$2:$G$2540=G22)*(P22>$P$2:$P$2540))+1} -> 2 | R22: =(Q22*100000)+#REF! -> #REF! | S22: {=SUMPRODUCT(($G$2:$G$2540=G22)*(R22>$R$2:$R$2540))+1} -> #REF! | T22: =_xlfn.CONCAT(IF(M22="Flat",UPPER(I22),I22)," ",IF(J22="Evening","†",IF(J22="Floodlit","#",""))) -> KEMPTON PARK # | U22: 0 | V22: NULL | W22: =YEAR(G22) -> 2023
A23: =IF(YEAR(G23)=2024,#REF!,"") | B23: =IF(YEAR(G23)=2025,#REF!,"") | C23: =J23&G23 -> Afternoon44937 | D23: =IF('by region'!$C$2="Any","Any",'WTX courses'!V85)&M23&IF('by region'!$I$2="Any","Any",N23)&G23 -> AnyFlatAny44937 | E23: =IF(I23=#REF!,'WTX courses'!G85,"") -> #REF! | F23: =G23&S23 -> #REF! | G23: 44937 | H23: Wednesday | I23: Lingfield Park | J23: Afternoon | K23: ARC | L23: South | M23: Flat | N23: AWT | O23: Racecourse/Normal | P23: =IF(J23="Afternoon",1,IF(J23="Evening",2,IF(J23="Floodlit",3,4))) -> 1 | Q23: {=SUMPRODUCT(($G$2:$G$2540=G23)*(P23>$P$2:$P$2540))+1} -> 1 | R23: =(Q23*100000)+#REF! -> #REF! | S23: {=SUMPRODUCT(($G$2:$G$2540=G23)*(R23>$R$2:$R$2540))+1} -> #REF! | T23: =_xlfn.CONCAT(IF(M23="Flat",UPPER(I23),I23)," ",IF(J23="Evening","†",IF(J23="Floodlit","#",""))) -> LINGFIELD PARK | U23: 0 | V23: NULL | W23: =YEAR(G23) -> 2023
A24: =IF(YEAR(G24)=2024,#REF!,"") | B24: =IF(YEAR(G24)=2025,#REF!,"") | C24: =J24&G24 -> Floodlit44938 | D24: =IF('by region'!$C$2="Any","Any",'WTX courses'!V86)&M24&IF('by region'!$I$2="Any","Any",N24)&G24 -> AnyFlatAny44938 | E24: =IF(I24=#REF!,'WTX courses'!G86,"") -> #REF! | F24: =G24&S24 -> #REF! | G24: 44938 | H24: Thursday | I24: Chelmsford City | J24: Floodlit | K24: Independent | L24: South | M24: Flat | N24: AWT | O24: National/BHA Floodlit | P24: =IF(J24="Afternoon",1,IF(J24="Evening",2,IF(J24="Floodlit",3,4))) -> 3 | Q24: {=SUMPRODUCT(($G$2:$G$2540=G24)*(P24>$P$2:$P$2540))+1} -> 3 | R24: =(Q24*100000)+#REF! -> #REF! | S24: {=SUMPRODUCT(($G$2:$G$2540=G24)*(R24>$R$2:$R$2540))+1} -> #REF! | T24: =_xlfn.CONCAT(IF(M24="Flat",UPPER(I24),I24)," ",IF(J24="Evening","†",IF(J24="Floodlit","#",""))) -> CHELMSFORD CITY # | U24: 0 | V24: Midlands | W24: =YEAR(G24) -> 2023
A25: =IF(YEAR(G25)=2024,#REF!,"") | B25: =IF(YEAR(G25)=2025,#REF!,"") | C25: =J25&G25 -> Afternoon44938 | D25: =IF('by region'!$C$2="Any","Any",'WTX courses'!V87)&M25&IF('by region'!$I$2="Any","Any",N25)&G25 -> AnyFlatAny44938 | E25: =IF(I25=#REF!,'WTX courses'!G87,"") -> #REF! | F25: =G25&S25 -> #REF! | G25: 44938 | H25: Thursday | I25: Newcastle | J25: Afternoon | K25: ARC | L25: North | M25: Flat | N25: AWT | O25: Racecourse/Normal | P25: =IF(J25="Afternoon",1,IF(J25="Evening",2,IF(J25="Floodlit",3,4))) -> 1 | Q25: {=SUMPRODUCT(($G$2:$G$2540=G25)*(P25>$P$2:$P$2540))+1} -> 1 | R25: =(Q25*100000)+#REF! -> #REF! | S25: {=SUMPRODUCT(($G$2:$G$2540=G25)*(R25>$R$2:$R$2540))+1} -> #REF! | T25: =_xlfn.CONCAT(IF(M25="Flat",UPPER(I25),I25)," ",IF(J25="Evening","†",IF(J25="Floodlit","#",""))) -> NEWCASTLE | U25: 0 | V25: NULL | W25: =YEAR(G25) -> 2023
A26: =IF(YEAR(G26)=2024,#REF!,"") | B26: =IF(YEAR(G26)=2025,#REF!,"") | C26: =J26&G26 -> Afternoon44938 | D26: =IF('by region'!$C$2="Any","Any",'WTX courses'!V88)&M26&IF('by region'!$I$2="Any","Any",N26)&G26 -> AnyJumpAny44938 | E26: =IF(I26=#REF!,'WTX courses'!G88,"") -> #REF! | F26: =G26&S26 -> #REF! | G26: 44938 | H26: Thursday | I26: Bangor-On-Dee | J26: Afternoon | K26: Independent | L26: Midlands | M26: Jump | N26: Turf | O26: National/BHA | P26: =IF(J26="Afternoon",1,IF(J26="Evening",2,IF(J26="Floodlit",3,4))) -> 1 | Q26: {=SUMPRODUCT(($G$2:$G$2540=G26)*(P26>$P$2:$P$2540))+1} -> 1 | R26: =(Q26*100000)+#REF! -> #REF! | S26: {=SUMPRODUCT(($G$2:$G$2540=G26)*(R26>$R$2:$R$2540))+1} -> #REF! | T26: =_xlfn.CONCAT(IF(M26="Flat",UPPER(I26),I26)," ",IF(J26="Evening","†",IF(J26="Floodlit","#",""))) -> Bangor-On-Dee | U26: 0 | V26: NULL | W26: =YEAR(G26) -> 2023
A27: =IF(YEAR(G27)=2024,#REF!,"") | B27: =IF(YEAR(G27)=2025,#REF!,"") | C27: =J27&G27 -> Floodlit44939 | D27: =IF('by region'!$C$2="Any","Any",'WTX courses'!V90)&M27&IF('by region'!$I$2="Any","Any",N27)&G27 -> AnyFlatAny44939 | E27: =IF(I27=#REF!,'WTX courses'!G90,"") -> #REF! | F27: =G27&S27 -> #REF! | G27: 44939 | H27: Friday | I27: Newcastle | J27: Floodlit | K27: ARC | L27: North | M27: Flat | N27: AWT | O27: National/BHA Floodlit | P27: =IF(J27="Afternoon",1,IF(J27="Evening",2,IF(J27="Floodlit",3,4))) -> 3 | Q27: {=SUMPRODUCT(($G$2:$G$2540=G27)*(P27>$P$2:$P$2540))+1} -> 4 | R27: =(Q27*100000)+#REF! -> #REF! | S27: {=SUMPRODUCT(($G$2:$G$2540=G27)*(R27>$R$2:$R$2540))+1} -> #REF! | T27: =_xlfn.CONCAT(IF(M27="Flat",UPPER(I27),I27)," ",IF(J27="Evening","†",IF(J27="Floodlit","#",""))) -> NEWCASTLE # | U27: 0 | V27: NULL | W27: =YEAR(G27) -> 2023
A28: =IF(YEAR(G28)=2024,#REF!,"") | B28: =IF(YEAR(G28)=2025,#REF!,"") | C28: =J28&G28 -> Afternoon44939 | D28: =IF('by region'!$C$2="Any","Any",'WTX courses'!V91)&M28&IF('by region'!$I$2="Any","Any",N28)&G28 -> AnyFlatAny44939 | E28: =IF(I28=#REF!,'WTX courses'!G91,"") -> #REF! | F28: =G28&S28 -> #REF! | G28: 44939 | H28: Friday | I28: Lingfield Park | J28: Afternoon | K28: ARC | L28: South | M28: Flat | N28: AWT | O28: Racecourse/Normal | P28: =IF(J28="Afternoon",1,IF(J28="Evening",2,IF(J28="Floodlit",3,4))) -> 1 | Q28: {=SUMPRODUCT(($G$2:$G$2540=G28)*(P28>$P$2:$P$2540))+1} -> 1 | R28: =(Q28*100000)+#REF! -> #REF! | S28: {=SUMPRODUCT(($G$2:$G$2540=G28)*(R28>$R$2:$R$2540))+1} -> #REF! | T28: =_xlfn.CONCAT(IF(M28="Flat",UPPER(I28),I28)," ",IF(J28="Evening","†",IF(J28="Floodlit","#",""))) -> LINGFIELD PARK | U28: 0 | V28: South | W28: =YEAR(G28) -> 2023
A29: =IF(YEAR(G29)=2024,#REF!,"") | B29: =IF(YEAR(G29)=2025,#REF!,"") | C29: =J29&G29 -> Afternoon44939 | D29: =IF('by region'!$C$2="Any","Any",'WTX courses'!V105)&M29&IF('by region'!$I$2="Any","Any",N29)&G29 -> AnyJumpAny44939 | E29: =IF(I29=#REF!,'WTX courses'!G105,"") -> #REF! | F29: =G29&S29 -> #REF! | G29: 44939 | H29: Friday | I29: Sedgefield | J29: Afternoon | K29: ARC | L29: North | M29: Jump | N29: Turf | O29: National/BHA | P29: =IF(J29="Afternoon",1,IF(J29="Evening",2,IF(J29="Floodlit",3,4))) -> 1 | Q29: {=SUMPRODUCT(($G$2:$G$2540=G29)*(P29>$P$2:$P$2540))+1} -> 1 | R29: =(Q29*100000)+#REF! -> #REF! | S29: {=SUMPRODUCT(($G$2:$G$2540=G29)*(R29>$R$2:$R$2540))+1} -> #REF! | T29: =_xlfn.CONCAT(IF(M29="Flat",UPPER(I29),I29)," ",IF(J29="Evening","†",IF(J29="Floodlit","#",""))) -> Sedgefield | U29: 0 | V29: NULL | W29: =YEAR(G29) -> 2023
A30: =IF(YEAR(G30)=2024,#REF!,"") | B30: =IF(YEAR(G30)=2025,#REF!,"") | C30: =J30&G30 -> Afternoon44939 | D30: =IF('by region'!$C$2="Any","Any",'WTX courses'!V106)&M30&IF('by region'!$I$2="Any","Any",N30)&G30 -> AnyJumpAny44939 | E30: =IF(I30=#REF!,'WTX courses'!G106,"") -> #REF! | F30: =G30&S30 -> #REF! | G30: 44939 | H30: Friday | I30: Huntingdon | J30: Afternoon | K30: JCR | L30: Midlands | M30: Jump | N30: Turf | O30: Racecourse/Normal | P30: =IF(J30="Afternoon",1,IF(J30="Evening",2,IF(J30="Floodlit",3,4))) -> 1 | Q30: {=SUMPRODUCT(($G$2:$G$2540=G30)*(P30>$P$2:$P$2540))+1} -> 1 | R30: =(Q30*100000)+#REF! -> #REF! | S30: {=SUMPRODUCT(($G$2:$G$2540=G30)*(R30>$R$2:$R$2540))+1} -> #REF! | T30: =_xlfn.CONCAT(IF(M30="Flat",UPPER(I30),I30)," ",IF(J30="Evening","†",IF(J30="Floodlit","#",""))) -> Huntingdon | U30: 0 | V30: North | W30: =YEAR(G30) -> 2023
A31: =IF(YEAR(G31)=2024,#REF!,"") | B31: =IF(YEAR(G31)=2025,#REF!,"") | C31: =J31&G31 -> Floodlit44940 | D31: =IF('by region'!$C$2="Any","Any",'WTX courses'!V107)&M31&IF('by region'!$I$2="Any","Any",N31)&G31 -> AnyFlatAny44940 | E31: =IF(I31=#REF!,'WTX courses'!G107,"") -> #REF! | F31: =G31&S31 -> #REF! | G31: 44940 | H31: Saturday | I31: Chelmsford City | J31: Floodlit | K31: Independent | L31: South | M31: Flat | N31: AWT | O31: National/BHA Floodlit | P31: =IF(J31="Afternoon",1,IF(J31="Evening",2,IF(J31="Floodlit",3,4))) -> 3 | Q31: {=SUMPRODUCT(($G$2:$G$2540=G31)*(P31>$P$2:$P$2540))+1} -> 4 | R31: =(Q31*100000)+#REF! -> #REF! | S31: {=SUMPRODUCT(($G$2:$G$2540=G31)*(R31>$R$2:$R$2540))+1} -> #REF! | T31: =_xlfn.CONCAT(IF(M31="Flat",UPPER(I31),I31)," ",IF(J31="Evening","†",IF(J31="Floodlit","#",""))) -> CHELMSFORD CITY # | U31: 0 | V31: Midlands | W31: =YEAR(G31) -> 2023
A32: =IF(YEAR(G32)=2024,#REF!,"") | B32: =IF(YEAR(G32)=2025,#REF!,"") | C32: =J32&G32 -> Afternoon44940 | D32: =IF('by region'!$C$2="Any","Any",'WTX courses'!V108)&M32&IF('by region'!$I$2="Any","Any",N32)&G32 -> AnyFlatAny44940 | E32: =IF(I32=#REF!,'WTX courses'!G108,"") -> #REF! | F32: =G32&S32 -> #REF! | G32: 44940 | H32: Saturday | I32: Lingfield Park | J32: Afternoon | K32: ARC | L32: South | M32: Flat | N32: AWT | O32: Racecourse/Normal | P32: =IF(J32="Afternoon",1,IF(J32="Evening",2,IF(J32="Floodlit",3,4))) -> 1 | Q32: {=SUMPRODUCT(($G$2:$G$2540=G32)*(P32>$P$2:$P$2540))+1} -> 1 | R32: =(Q32*100000)+#REF! -> #REF! | S32: {=SUMPRODUCT(($G$2:$G$2540=G32)*(R32>$R$2:$R$2540))+1} -> #REF! | T32: =_xlfn.CONCAT(IF(M32="Flat",UPPER(I32),I32)," ",IF(J32="Evening","†",IF(J32="Floodlit","#",""))) -> LINGFIELD PARK | U32: 0 | V32: North | W32: =YEAR(G32) -> 2023
A33: =IF(YEAR(G33)=2024,#REF!,"") | B33: =IF(YEAR(G33)=2025,#REF!,"") | C33: =J33&G33 -> Afternoon44940 | D33: =IF('by region'!$C$2="Any","Any",'WTX courses'!V109)&M33&IF('by region'!$I$2="Any","Any",N33)&G33 -> AnyJumpAny44940 | E33: =IF(I33=#REF!,'WTX courses'!G109,"") -> #REF! | F33: =G33&S33 -> #REF! | G33: 44940 | H33: Saturday | I33: Kempton Park | J33: Afternoon | K33: JCR | L33: South | M33: Jump | N33: Turf | O33: Racecourse/Normal | P33: =IF(J33="Afternoon",1,IF(J33="Evening",2,IF(J33="Floodlit",3,4))) -> 1 | Q33: {=SUMPRODUCT(($G$2:$G$2540=G33)*(P33>$P$2:$P$2540))+1} -> 1 | R33: =(Q33*100000)+#REF! -> #REF! | S33: {=SUMPRODUCT(($G$2:$G$2540=G33)*(R33>$R$2:$R$2540))+1} -> #REF! | T33: =_xlfn.CONCAT(IF(M33="Flat",UPPER(I33),I33)," ",IF(J33="Evening","†",IF(J33="Floodlit","#",""))) -> Kempton Park | U33: 0 | V33: NULL | W33: =YEAR(G33) -> 2023
A34: =IF(YEAR(G34)=2024,#REF!,"") | B34: =IF(YEAR(G34)=2025,#REF!,"") | C34: =J34&G34 -> Afternoon44940 | D34: =IF('by region'!$C$2="Any","Any",'WTX courses'!V110)&M34&IF('by region'!$I$2="Any","Any",N34)&G34 -> AnyJumpAny44940 | E34: =IF(I34=#REF!,'WTX courses'!G110,"") -> #REF! | F34: =G34&S34 -> #REF! | G34: 44940 | H34: Saturday | I34: Warwick | J34: Afternoon | K34: JCR | L34: Midlands | M34: Jump | N34: Turf | O34: Racecourse/Normal | P34: =IF(J34="Afternoon",1,IF(J34="Evening",2,IF(J34="Floodlit",3,4))) -> 1 | Q34: {=SUMPRODUCT(($G$2:$G$2540=G34)*(P34>$P$2:$P$2540))+1} -> 1 | R34: =(Q34*100000)+#REF! -> #REF! | S34: {=SUMPRODUCT(($G$2:$G$2540=G34)*(R34>$R$2:$R$2540))+1} -> #REF! | T34: =_xlfn.CONCAT(IF(M34="Flat",UPPER(I34),I34)," ",IF(J34="Evening","†",IF(J34="Floodlit","#",""))) -> Warwick | U34: 0 | V34: Midlands | W34: =YEAR(G34) -> 2023
A35: =IF(YEAR(G35)=2024,#REF!,"") | B35: =IF(YEAR(G35)=2025,#REF!,"") | C35: =J35&G35 -> Floodlit44942 | D35: =IF('by region'!$C$2="Any","Any",'WTX courses'!V111)&M35&IF('by region'!$I$2="Any","Any",N35)&G35 -> AnyFlatAny44942 | E35: =IF(I35=#REF!,'WTX courses'!G111,"") -> #REF! | F35: =G35&S35 -> #REF! | G35: 44942 | H35: Monday | I35: Wolverhampton | J35: Floodlit | K35: ARC | L35: Midlands | M35: Flat | N35: AWT | O35: Racecourse/Normal | P35: =IF(J35="Afternoon",1,IF(J35="Evening",2,IF(J35="Floodlit",3,4))) -> 3 | Q35: {=SUMPRODUCT(($G$2:$G$2540=G35)*(P35>$P$2:$P$2540))+1} -> 2 | R35: =(Q35*100000)+#REF! -> #REF! | S35: {=SUMPRODUCT(($G$2:$G$2540=G35)*(R35>$R$2:$R$2540))+1} -> #REF! | T35: =_xlfn.CONCAT(IF(M35="Flat",UPPER(I35),I35)," ",IF(J35="Evening","†",IF(J35="Floodlit","#",""))) -> WOLVERHAMPTON # | U35: 0 | V35: South | W35: =YEAR(G35) -> 2023
A36: =IF(YEAR(G36)=2024,#REF!,"") | B36: =IF(YEAR(G36)=2025,#REF!,"") | C36: =J36&G36 -> Afternoon44942 | D36: =IF('by region'!$C$2="Any","Any",'WTX courses'!V112)&M36&IF('by region'!$I$2="Any","Any",N36)&G36 -> AnyJumpAny44942 | E36: =IF(I36=#REF!,'WTX courses'!G112,"") -> #REF! | F36: =G36&S36 -> #REF! | G36: 44942 | H36: Monday | I36: Fontwell Park | J36: Afternoon | K36: ARC | L36: South | M36: Jump | N36: Turf | O36: Racecourse/Normal | P36: =IF(J36="Afternoon",1,IF(J36="Evening",2,IF(J36="Floodlit",3,4))) -> 1 | Q36: {=SUMPRODUCT(($G$2:$G$2540=G36)*(P36>$P$2:$P$2540))+1} -> 1 | R36: =(Q36*100000)+#REF! -> #REF! | S36: {=SUMPRODUCT(($G$2:$G$2540=G36)*(R36>$R$2:$R$2540))+1} -> #REF! | T36: =_xlfn.CONCAT(IF(M36="Flat",UPPER(I36),I36)," ",IF(J36="Evening","†",IF(J36="Floodlit","#",""))) -> Fontwell Park | U36: 0 | V36: North | W36: =YEAR(G36) -> 2023
A37: =IF(YEAR(G37)=2024,#REF!,"") | B37: =IF(YEAR(G37)=2025,#REF!,"") | C37: =J37&G37 -> Afternoon44943 | D37: =IF('by region'!$C$2="Any","Any",'WTX courses'!V113)&M37&IF('by region'!$I$2="Any","Any",N37)&G37 -> AnyFlatAny44943 | E37: =IF(I37=#REF!,'WTX courses'!G113,"") -> #REF! | F37: =G37&S37 -> #REF! | G37: 44943 | H37: Tuesday | I37: Kempton Park | J37: Afternoon | K37: JCR | L37: South | M37: Flat | N37: AWT | O37: National/BHA | P37: =IF(J37="Afternoon",1,IF(J37="Evening",2,IF(J37="Floodlit",3,4))) -> 1 | Q37: {=SUMPRODUCT(($G$2:$G$2540=G37)*(P37>$P$2:$P$2540))+1} -> 1 | R37: =(Q37*100000)+#REF! -> #REF! | S37: {=SUMPRODUCT(($G$2:$G$2540=G37)*(R37>$R$2:$R$2540))+1} -> #REF! | T37: =_xlfn.CONCAT(IF(M37="Flat",UPPER(I37),I37)," ",IF(J37="Evening","†",IF(J37="Floodlit","#",""))) -> KEMPTON PARK | U37: 0 | V37: Midlands | W37: =YEAR(G37) -> 2023
A38: =IF(YEAR(G38)=2024,#REF!,"") | B38: =IF(YEAR(G38)=2025,#REF!,"") | C38: =J38&G38 -> Afternoon44943 | D38: =IF('by region'!$C$2="Any","Any",'WTX courses'!V114)&M38&IF('by region'!$I$2="Any","Any",N38)&G38 -> AnyJumpAny44943 | E38: =IF(I38=#REF!,'WTX courses'!G114,"") -> #REF! | F38: =G38&S38 -> #REF! | G38: 44943 | H38: Tuesday | I38: Chepstow | J38: Afternoon | K38: ARC | L38: South | M38: Jump | N38: Turf | O38: National/BHA | P38: =IF(J38="Afternoon",1,IF(J38="Evening",2,IF(J38="Floodlit",3,4))) -> 1 | Q38: {=SUMPRODUCT(($G$2:$G$2540=G38)*(P38>$P$2:$P$2540))+1} -> 1 | R38: =(Q38*100000)+#REF! -> #REF! | S38: {=SUMPRODUCT(($G$2:$G$2540=G38)*(R38>$R$2:$R$2540))+1} -> #REF! | T38: =_xlfn.CONCAT(IF(M38="Flat",UPPER(I38),I38)," ",IF(J38="Evening","†",IF(J38="Floodlit","#",""))) -> Chepstow | U38: 0 | V38: Midlands | W38: =YEAR(G38) -> 2023
A39: =IF(YEAR(G39)=2024,#REF!,"") | B39: =IF(YEAR(G39)=2025,#REF!,"") | C39: =J39&G39 -> Afternoon44944 | D39: =IF('by region'!$C$2="Any","Any",'WTX courses'!V115)&M39&IF('by region'!$I$2="Any","Any",N39)&G39 -> AnyJumpAny44944 | E39: =IF(I39=#REF!,'WTX courses'!G115,"") -> #REF! | F39: =G39&S39 -> #REF! | G39: 44944 | H39: Wednesday | I39: Newbury | J39: Afternoon | K39: Independent | L39: South | M39: Jump | N39: Turf | O39: Racecourse/Normal | P39: =IF(J39="Afternoon",1,IF(J39="Evening",2,IF(J39="Floodlit",3,4))) -> 1 | Q39: {=SUMPRODUCT(($G$2:$G$2540=G39)*(P39>$P$2:$P$2540))+1} -> 1 | R39: =(Q39*100000)+#REF! -> #REF! | S39: {=SUMPRODUCT(($G$2:$G$2540=G39)*(R39>$R$2:$R$2540))+1} -> #REF! | T39: =_xlfn.CONCAT(IF(M39="Flat",UPPER(I39),I39)," ",IF(J39="Evening","†",IF(J39="Floodlit","#",""))) -> Newbury | U39: 0 | V39: NULL | W39: =YEAR(G39) -> 2023
A40: =IF(YEAR(G40)=2024,#REF!,"") | B40: =IF(YEAR(G40)=2025,#REF!,"") | C40: =J40&G40 -> Floodlit44945 | D40: =IF('by region'!$C$2="Any","Any",'WTX courses'!V116)&M40&IF('by region'!$I$2="Any","Any",N40)&G40 -> AnyFlatAny44945 | E40: =IF(I40=#REF!,'WTX courses'!G116,"") -> #REF! | F40: =G40&S40 -> #REF! | G40: 44945 | H40: Thursday | I40: Kempton Park | J40: Floodlit | K40: JCR | L40: South | M40: Flat | N40: AWT | O40: National/BHA Floodlit | P40: =IF(J40="Afternoon",1,IF(J40="Evening",2,IF(J40="Floodlit",3,4))) -> 3 | Q40: {=SUMPRODUCT(($G$2:$G$2540=G40)*(P40>$P$2:$P$2540))+1} -> 3 | R40: =(Q40*100000)+#REF! -> #REF! | S40: {=SUMPRODUCT(($G$2:$G$2540=G40)*(R40>$R$2:$R$2540))+1} -> #REF! | T40: =_xlfn.CONCAT(IF(M40="Flat",UPPER(I40),I40)," ",IF(J40="Evening","†",IF(J40="Floodlit","#",""))) -> KEMPTON PARK # | U40: 0 | V40: NULL | W40: =YEAR(G40) -> 2023
... A45: =IF(YEAR(G45)=2024,#REF!,"") | B45: =IF(YEAR(G45)=2025,#REF!,"") | C45: =J45&G45 -> Afternoon44946 | D45: =IF('by region'!$C$2="Any","Any",'WTX courses'!V121)&M45&IF('by region'!$I$2="Any","Any",N45)&G45 -> AnyJumpAny44946 | E45: =IF(I45=#REF!,'WTX courses'!G121,"") -> #REF! | F45: =G45&S45 -> #REF! | G45: 44946 | H45: Friday | I45: Market Rasen | J45: Afternoon | K45: JCR | L45: Midlands | M45: Jump | N45: Turf | O45: Racecourse/Normal | P45: =IF(J45="Afternoon",1,IF(J45="Evening",2,IF(J45="Floodlit",3,4))) -> 1 | Q45: {=SUMPRODUCT(($G$2:$G$2540=G45)*(P45>$P$2:$P$2540))+1} -> 1 | R45: =(Q45*100000)+#REF! -> #REF! | S45: {=SUMPRODUCT(($G$2:$G$2540=G45)*(R45>$R$2:$R$2540))+1} -> #REF! | T45: =_xlfn.CONCAT(IF(M45="Flat",UPPER(I45),I45)," ",IF(J45="Evening","†",IF(J45="Floodlit","#",""))) -> Market Rasen | U45: 0 | V45: South | W45: =YEAR(G45) -> 2023
A46: =IF(YEAR(G46)=2024,#REF!,"") | B46: =IF(YEAR(G46)=2025,#REF!,"") | C46: =J46&G46 -> Floodlit44947 | D46: =IF('by region'!$C$2="Any","Any",'WTX courses'!V210)&M46&IF('by region'!$I$2="Any","Any",N46)&G46 -> AnyFlatAny44947 | E46: =IF(I46=#REF!,'WTX courses'!G210,"") -> #REF! | F46: =G46&S46 -> #REF! | G46: 44947 | H46: Saturday | I46: Wolverhampton | J46: Floodlit | K46: ARC | L46: Midlands | M46: Flat | N46: AWT | O46: National/BHA Floodlit | P46: =IF(J46="Afternoon",1,IF(J46="Evening",2,IF(J46="Floodlit",3,4))) -> 3 | Q46: {=SUMPRODUCT(($G$2:$G$2540=G46)*(P46>$P$2:$P$2540))+1} -> 4 | R46: =(Q46*100000)+#REF! -> #REF! | S46: {=SUMPRODUCT(($G$2:$G$2540=G46)*(R46>$R$2:$R$2540))+1} -> #REF! | T46: =_xlfn.CONCAT(IF(M46="Flat",UPPER(I46),I46)," ",IF(J46="Evening","†",IF(J46="Floodlit","#",""))) -> WOLVERHAMPTON # | U46: 0 | V46: NULL | W46: =YEAR(G46) -> 2023
A47: =IF(YEAR(G47)=2024,#REF!,"") | B47: =IF(YEAR(G47)=2025,#REF!,"") | C47: =J47&G47 -> Afternoon44947 | D47: =IF('by region'!$C$2="Any","Any",'WTX courses'!V212)&M47&IF('by region'!$I$2="Any","Any",N47)&G47 -> AnyFlatAny44947 | E47: =IF(I47=#REF!,'WTX courses'!G212,"") -> #REF! | F47: =G47&S47 -> #REF! | G47: 44947 | H47: Saturday | I47: Lingfield Park | J47: Afternoon | K47: ARC | L47: South | M47: Flat | N47: AWT | O47: Racecourse/Normal | P47: =IF(J47="Afternoon",1,IF(J47="Evening",2,IF(J47="Floodlit",3,4))) -> 1 | Q47: {=SUMPRODUCT(($G$2:$G$2540=G47)*(P47>$P$2:$P$2540))+1} -> 1 | R47: =(Q47*100000)+#REF! -> #REF! | S47: {=SUMPRODUCT(($G$2:$G$2540=G47)*(R47>$R$2:$R$2540))+1} -> #REF! | T47: =_xlfn.CONCAT(IF(M47="Flat",UPPER(I47),I47)," ",IF(J47="Evening","†",IF(J47="Floodlit","#",""))) -> LINGFIELD PARK | U47: 0 | V47: NULL | W47: =YEAR(G47) -> 2023
A48: =IF(YEAR(G48)=2024,#REF!,"") | B48: =IF(YEAR(G48)=2025,#REF!,"") | C48: =J48&G48 -> Afternoon44947 | D48: =IF('by region'!$C$2="Any","Any",'WTX courses'!V213)&M48&IF('by region'!$I$2="Any","Any",N48)&G48 -> AnyJumpAny44947 | E48: =IF(I48=#REF!,'WTX courses'!G213,"") -> #REF! | F48: =G48&S48 -> #REF! | G48: 44947 | H48: Saturday | I48: Ascot | J48: Afternoon | K48: Independent | L48: South | M48: Jump | N48: Turf | O48: Racecourse/Normal | P48: =IF(J48="Afternoon",1,IF(J48="Evening",2,IF(J48="Floodlit",3,4))) -> 1 | Q48: {=SUMPRODUCT(($G$2:$G$2540=G48)*(P48>$P$2:$P$2540))+1} -> 1 | R48: =(Q48*100000)+#REF! -> #REF! | S48: {=SUMPRODUCT(($G$2:$G$2540=G48)*(R48>$R$2:$R$2540))+1} -> #REF! | T48: =_xlfn.CONCAT(IF(M48="Flat",UPPER(I48),I48)," ",IF(J48="Evening","†",IF(J48="Floodlit","#",""))) -> Ascot | U48: 0 | V48: Midlands | W48: =YEAR(G48) -> 2023
A49: =IF(YEAR(G49)=2024,#REF!,"") | B49: =IF(YEAR(G49)=2025,#REF!,"") | C49: =J49&G49 -> Afternoon44947 | D49: =IF('by region'!$C$2="Any","Any",'WTX courses'!V215)&M49&IF('by region'!$I$2="Any","Any",N49)&G49 -> AnyJumpAny44947 | E49: =IF(I49=#REF!,'WTX courses'!G215,"") -> #REF! | F49: =G49&S49 -> #REF! | G49: 44947 | H49: Saturday | I49: Haydock Park | J49: Afternoon | K49: JCR | L49: North | M49: Jump | N49: Turf | O49: Racecourse/Normal | P49: =IF(J49="Afternoon",1,IF(J49="Evening",2,IF(J49="Floodlit",3,4))) -> 1 | Q49: {=SUMPRODUCT(($G$2:$G$2540=G49)*(P49>$P$2:$P$2540))+1} -> 1 | R49: =(Q49*100000)+#REF! -> #REF! | S49: {=SUMPRODUCT(($G$2:$G$2540=G49)*(R49>$R$2:$R$2540))+1} -> #REF! | T49: =_xlfn.CONCAT(IF(M49="Flat",UPPER(I49),I49)," ",IF(J49="Evening","†",IF(J49="Floodlit","#",""))) -> Haydock Park | U49: 0 | V49: North | W49: =YEAR(G49) -> 2023
A50: =IF(YEAR(G50)=2024,#REF!,"") | B50: =IF(YEAR(G50)=2025,#REF!,"") | C50: =J50&G50 -> Afternoon44948 | D50: =IF('by region'!$C$2="Any","Any",'WTX courses'!V217)&M50&IF('by region'!$I$2="Any","Any",N50)&G50 -> AnyJumpAny44948 | E50: =IF(I50=#REF!,'WTX courses'!G217,"") -> #REF! | F50: =G50&S50 -> #REF! | G50: 44948 | H50: Sunday | I50: Lingfield Park | J50: Afternoon | K50: ARC | L50: South | M50: Jump | N50: Turf | O50: Racecourse/Normal | P50: =IF(J50="Afternoon",1,IF(J50="Evening",2,IF(J50="Floodlit",3,4))) -> 1 | Q50: {=SUMPRODUCT(($G$2:$G$2540=G50)*(P50>$P$2:$P$2540))+1} -> 1 | R50: =(Q50*100000)+#REF! -> #REF! | S50: {=SUMPRODUCT(($G$2:$G$2540=G50)*(R50>$R$2:$R$2540))+1} -> #REF! | T50: =_xlfn.CONCAT(IF(M50="Flat",UPPER(I50),I50)," ",IF(J50="Evening","†",IF(J50="Floodlit","#",""))) -> Lingfield Park | U50: 0 | V50: NULL | W50: =YEAR(G50) -> 2023
A51: =IF(YEAR(G51)=2024,#REF!,"") | B51: =IF(YEAR(G51)=2025,#REF!,"") | C51: =J51&G51 -> Afternoon44949 | D51: =IF('by region'!$C$2="Any","Any",'WTX courses'!V218)&M51&IF('by region'!$I$2="Any","Any",N51)&G51 -> AnyFlatAny44949 | E51: =IF(I51=#REF!,'WTX courses'!G218,"") -> #REF! | F51: =G51&S51 -> #REF! | G51: 44949 | H51: Monday | I51: Kempton Park | J51: Afternoon | K51: JCR | L51: South | M51: Flat | N51: AWT | O51: Racecourse/Normal | P51: =IF(J51="Afternoon",1,IF(J51="Evening",2,IF(J51="Floodlit",3,4))) -> 1 | Q51: {=SUMPRODUCT(($G$2:$G$2540=G51)*(P51>$P$2:$P$2540))+1} -> 1 | R51: =(Q51*100000)+#REF! -> #REF! | S51: {=SUMPRODUCT(($G$2:$G$2540=G51)*(R51>$R$2:$R$2540))+1} -> #REF! | T51: =_xlfn.CONCAT(IF(M51="Flat",UPPER(I51),I51)," ",IF(J51="Evening","†",IF(J51="Floodlit","#",""))) -> KEMPTON PARK | U51: 0 | V51: North | W51: =YEAR(G51) -> 2023
A52: =IF(YEAR(G52)=2024,#REF!,"") | B52: =IF(YEAR(G52)=2025,#REF!,"") | C52: =J52&G52 -> Floodlit44949 | D52: =IF('by region'!$C$2="Any","Any",'WTX courses'!V219)&M52&IF('by region'!$I$2="Any","Any",N52)&G52 -> AnyFlatAny44949 | E52: =IF(I52=#REF!,'WTX courses'!G219,"") -> #REF! | F52: =G52&S52 -> #REF! | G52: 44949 | H52: Monday | I52: Wolverhampton | J52: Floodlit | K52: ARC | L52: Midlands | M52: Flat | N52: AWT | O52: Racecourse/Normal | P52: =IF(J52="Afternoon",1,IF(J52="Evening",2,IF(J52="Floodlit",3,4))) -> 3 | Q52: {=SUMPRODUCT(($G$2:$G$2540=G52)*(P52>$P$2:$P$2540))+1} -> 2 | R52: =(Q52*100000)+#REF! -> #REF! | S52: {=SUMPRODUCT(($G$2:$G$2540=G52)*(R52>$R$2:$R$2540))+1} -> #REF! | T52: =_xlfn.CONCAT(IF(M52="Flat",UPPER(I52),I52)," ",IF(J52="Evening","†",IF(J52="Floodlit","#",""))) -> WOLVERHAMPTON # | U52: 0 | V52: Midlands | W52: =YEAR(G52) -> 2023
A53: =IF(YEAR(G53)=2024,#REF!,"") | B53: =IF(YEAR(G53)=2025,#REF!,"") | C53: =J53&G53 -> Afternoon44950 | D53: =IF('by region'!$C$2="Any","Any",'WTX courses'!V220)&M53&IF('by region'!$I$2="Any","Any",N53)&G53 -> AnyJumpAny44950 | E53: =IF(I53=#REF!,'WTX courses'!G220,"") -> #REF! | F53: =G53&S53 -> #REF! | G53: 44950 | H53: Tuesday | I53: Exeter | J53: Afternoon | K53: JCR | L53: South | M53: Jump | N53: Turf | O53: National/BHA | P53: =IF(J53="Afternoon",1,IF(J53="Evening",2,IF(J53="Floodlit",3,4))) -> 1 | Q53: {=SUMPRODUCT(($G$2:$G$2540=G53)*(P53>$P$2:$P$2540))+1} -> 1 | R53: =(Q53*100000)+#REF! -> #REF! | S53: {=SUMPRODUCT(($G$2:$G$2540=G53)*(R53>$R$2:$R$2540))+1} -> #REF! | T53: =_xlfn.CONCAT(IF(M53="Flat",UPPER(I53),I53)," ",IF(J53="Evening","†",IF(J53="Floodlit","#",""))) -> Exeter | U53: 0 | V53: South | W53: =YEAR(G53) -> 2023
A54: =IF(YEAR(G54)=2024,#REF!,"") | B54: =IF(YEAR(G54)=2025,#REF!,"") | C54: =J54&G54 -> Floodlit44951 | D54: =IF('by region'!$C$2="Any","Any",'WTX courses'!V221)&M54&IF('by region'!$I$2="Any","Any",N54)&G54 -> AnyFlatAny44951 | E54: =IF(I54=#REF!,'WTX courses'!G221,"") -> #REF! | F54: =G54&S54 -> #REF! | G54: 44951 | H54: Wednesday | I54: Kempton Park | J54: Floodlit | K54: JCR | L54: South | M54: Flat | N54: AWT | O54: National/BHA Floodlit | P54: =IF(J54="Afternoon",1,IF(J54="Evening",2,IF(J54="Floodlit",3,4))) -> 3 | Q54: {=SUMPRODUCT(($G$2:$G$2540=G54)*(P54>$P$2:$P$2540))+1} -> 3 | R54: =(Q54*100000)+#REF! -> #REF! | S54: {=SUMPRODUCT(($G$2:$G$2540=G54)*(R54>$R$2:$R$2540))+1} -> #REF! | T54: =_xlfn.CONCAT(IF(M54="Flat",UPPER(I54),I54)," ",IF(J54="Evening","†",IF(J54="Floodlit","#",""))) -> KEMPTON PARK # | U54: 0 | V54: NULL | W54: =YEAR(G54) -> 2023
A55: =IF(YEAR(G55)=2024,#REF!,"") | B55: =IF(YEAR(G55)=2025,#REF!,"") | C55: =J55&G55 -> Afternoon44951 | D55: =IF('by region'!$C$2="Any","Any",'WTX courses'!V222)&M55&IF('by region'!$I$2="Any","Any",N55)&G55 -> AnyFlatAny44951 | E55: =IF(I55=#REF!,'WTX courses'!G222,"") -> #REF! | F55: =G55&S55 -> #REF! | G55: 44951 | H55: Wednesday | I55: Newcastle | J55: Afternoon | K55: ARC | L55: North | M55: Flat | N55: AWT | O55: Racecourse/Normal | P55: =IF(J55="Afternoon",1,IF(J55="Evening",2,IF(J55="Floodlit",3,4))) -> 1 | Q55: {=SUMPRODUCT(($G$2:$G$2540=G55)*(P55>$P$2:$P$2540))+1} -> 1 | R55: =(Q55*100000)+#REF! -> #REF! | S55: {=SUMPRODUCT(($G$2:$G$2540=G55)*(R55>$R$2:$R$2540))+1} -> #REF! | T55: =_xlfn.CONCAT(IF(M55="Flat",UPPER(I55),I55)," ",IF(J55="Evening","†",IF(J55="Floodlit","#",""))) -> NEWCASTLE | U55: 0 | V55: Midlands | W55: =YEAR(G55) -> 2023
A56: =IF(YEAR(G56)=2024,#REF!,"") | B56: =IF(YEAR(G56)=2025,#REF!,"") | C56: =J56&G56 -> Afternoon44951 | D56: =IF('by region'!$C$2="Any","Any",'WTX courses'!V223)&M56&IF('by region'!$I$2="Any","Any",N56)&G56 -> AnyJumpAny44951 | E56: =IF(I56=#REF!,'WTX courses'!G223,"") -> #REF! | F56: =G56&S56 -> #REF! | G56: 44951 | H56: Wednesday | I56: Warwick | J56: Afternoon | K56: JCR | L56: Midlands | M56: Jump | N56: Turf | O56: National/BHA | P56: =IF(J56="Afternoon",1,IF(J56="Evening",2,IF(J56="Floodlit",3,4))) -> 1 | Q56: {=SUMPRODUCT(($G$2:$G$2540=G56)*(P56>$P$2:$P$2540))+1} -> 1 | R56: =(Q56*100000)+#REF! -> #REF! | S56: {=SUMPRODUCT(($G$2:$G$2540=G56)*(R56>$R$2:$R$2540))+1} -> #REF! | T56: =_xlfn.CONCAT(IF(M56="Flat",UPPER(I56),I56)," ",IF(J56="Evening","†",IF(J56="Floodlit","#",""))) -> Warwick | U56: 0 | V56: North | W56: =YEAR(G56) -> 2023
A57: =IF(YEAR(G57)=2024,#REF!,"") | B57: =IF(YEAR(G57)=2025,#REF!,"") | C57: =J57&G57 -> Floodlit44952 | D57: =IF('by region'!$C$2="Any","Any",'WTX courses'!V224)&M57&IF('by region'!$I$2="Any","Any",N57)&G57 -> AnyFlatAny44952 | E57: =IF(I57=#REF!,'WTX courses'!G224,"") -> #REF! | F57: =G57&S57 -> #REF! | G57: 44952 | H57: Thursday | I57: Newcastle | J57: Floodlit | K57: ARC | L57: North | M57: Flat | N57: AWT | O57: National/BHA Floodlit | P57: =IF(J57="Afternoon",1,IF(J57="Evening",2,IF(J57="Floodlit",3,4))) -> 3 | Q57: {=SUMPRODUCT(($G$2:$G$2540=G57)*(P57>$P$2:$P$2540))+1} -> 2 | R57: =(Q57*100000)+#REF! -> #REF! | S57: {=SUMPRODUCT(($G$2:$G$2540=G57)*(R57>$R$2:$R$2540))+1} -> #REF! | T57: =_xlfn.CONCAT(IF(M57="Flat",UPPER(I57),I57)," ",IF(J57="Evening","†",IF(J57="Floodlit","#",""))) -> NEWCASTLE # | U57: 0 | V57: South | W57: =YEAR(G57) -> 2023
A58: =IF(YEAR(G58)=2024,#REF!,"") | B58: =IF(YEAR(G58)=2025,#REF!,"") | C58: =J58&G58 -> Afternoon44952 | D58: =IF('by region'!$C$2="Any","Any",'WTX courses'!V225)&M58&IF('by region'!$I$2="Any","Any",N58)&G58 -> AnyJumpAny44952 | E58: =IF(I58=#REF!,'WTX courses'!G225,"") -> #REF! | F58: =G58&S58 -> #REF! | G58: 44952 | H58: Thursday | I58: Wincanton | J58: Afternoon | K58: JCR | L58: South | M58: Jump | N58: Turf | O58: Racecourse/Normal | P58: =IF(J58="Afternoon",1,IF(J58="Evening",2,IF(J58="Floodlit",3,4))) -> 1 | Q58: {=SUMPRODUCT(($G$2:$G$2540=G58)*(P58>$P$2:$P$2540))+1} -> 1 | R58: =(Q58*100000)+#REF! -> #REF! | S58: {=SUMPRODUCT(($G$2:$G$2540=G58)*(R58>$R$2:$R$2540))+1} -> #REF! | T58: =_xlfn.CONCAT(IF(M58="Flat",UPPER(I58),I58)," ",IF(J58="Evening","†",IF(J58="Floodlit","#",""))) -> Wincanton | U58: 0 | V58: Midlands | W58: =YEAR(G58) -> 2023
A59: =IF(YEAR(G59)=2024,#REF!,"") | B59: =IF(YEAR(G59)=2025,#REF!,"") | C59: =J59&G59 -> Floodlit44953 | D59: =IF('by region'!$C$2="Any","Any",'WTX courses'!V226)&M59&IF('by region'!$I$2="Any","Any",N59)&G59 -> AnyFlatAny44953 | E59: =IF(I59=#REF!,'WTX courses'!G226,"") -> #REF! | F59: =G59&S59 -> #REF! | G59: 44953 | H59: Friday | I59: Wolverhampton | J59: Floodlit | K59: ARC | L59: Midlands | M59: Flat | N59: AWT | O59: National/BHA Floodlit | P59: =IF(J59="Afternoon",1,IF(J59="Evening",2,IF(J59="Floodlit",3,4))) -> 3 | Q59: {=SUMPRODUCT(($G$2:$G$2540=G59)*(P59>$P$2:$P$2540))+1} -> 3 | R59: =(Q59*100000)+#REF! -> #REF! | S59: {=SUMPRODUCT(($G$2:$G$2540=G59)*(R59>$R$2:$R$2540))+1} -> #REF! | T59: =_xlfn.CONCAT(IF(M59="Flat",UPPER(I59),I59)," ",IF(J59="Evening","†",IF(J59="Floodlit","#",""))) -> WOLVERHAMPTON # | U59: 0 | V59: South | W59: =YEAR(G59) -> 2023
A60: =IF(YEAR(G60)=2024,#REF!,"") | B60: =IF(YEAR(G60)=2025,#REF!,"") | C60: =J60&G60 -> Afternoon44953 | D60: =IF('by region'!$C$2="Any","Any",'WTX courses'!V227)&M60&IF('by region'!$I$2="Any","Any",N60)&G60 -> AnyFlatAny44953 | E60: =IF(I60=#REF!,'WTX courses'!G227,"") -> #REF! | F60: =G60&S60 -> #REF! | G60: 44953 | H60: Friday | I60: Lingfield Park | J60: Afternoon | K60: ARC | L60: South | M60: Flat | N60: AWT | O60: Racecourse/Normal | P60: =IF(J60="Afternoon",1,IF(J60="Evening",2,IF(J60="Floodlit",3,4))) -> 1 | Q60: {=SUMPRODUCT(($G$2:$G$2540=G60)*(P60>$P$2:$P$2540))+1} -> 1 | R60: =(Q60*100000)+#REF! -> #REF! | S60: {=SUMPRODUCT(($G$2:$G$2540=G60)*(R60>$R$2:$R$2540))+1} -> #REF! | T60: =_xlfn.CONCAT(IF(M60="Flat",UPPER(I60),I60)," ",IF(J60="Evening","†",IF(J60="Floodlit","#",""))) -> LINGFIELD PARK | U60: 0 | V60: North | W60: =YEAR(G60) -> 2023
A61: =IF(YEAR(G61)=2024,#REF!,"") | B61: =IF(YEAR(G61)=2025,#REF!,"") | C61: =J61&G61 -> Afternoon44953 | D61: =IF('by region'!$C$2="Any","Any",'WTX courses'!V228)&M61&IF('by region'!$I$2="Any","Any",N61)&G61 -> AnyJumpAny44953 | E61: =IF(I61=#REF!,'WTX courses'!G228,"") -> #REF! | F61: =G61&S61 -> #REF! | G61: 44953 | H61: Friday | I61: Huntingdon | J61: Afternoon | K61: JCR | L61: Midlands | M61: Jump | N61: Turf | O61: Racecourse/Normal | P61: =IF(J61="Afternoon",1,IF(J61="Evening",2,IF(J61="Floodlit",3,4))) -> 1 | Q61: {=SUMPRODUCT(($G$2:$G$2540=G61)*(P61>$P$2:$P$2540))+1} -> 1 | R61: =(Q61*100000)+#REF! -> #REF! | S61: {=SUMPRODUCT(($G$2:$G$2540=G61)*(R61>$R$2:$R$2540))+1} -> #REF! | T61: =_xlfn.CONCAT(IF(M61="Flat",UPPER(I61),I61)," ",IF(J61="Evening","†",IF(J61="Floodlit","#",""))) -> Huntingdon | U61: 0 | V61: Midlands | W61: =YEAR(G61) -> 2023
A62: =IF(YEAR(G62)=2024,#REF!,"") | B62: =IF(YEAR(G62)=2025,#REF!,"") | C62: =J62&G62 -> Floodlit44954 | D62: =IF('by region'!$C$2="Any","Any",'WTX courses'!V230)&M62&IF('by region'!$I$2="Any","Any",N62)&G62 -> AnyFlatAny44954 | E62: =IF(I62=#REF!,'WTX courses'!G230,"") -> #REF! | F62: =G62&S62 -> #REF! | G62: 44954 | H62: Saturday | I62: Kempton Park | J62: Floodlit | K62: JCR | L62: South | M62: Flat | N62: AWT | O62: National/BHA Floodlit | P62: =IF(J62="Afternoon",1,IF(J62="Evening",2,IF(J62="Floodlit",3,4))) -> 3 | Q62: {=SUMPRODUCT(($G$2:$G$2540=G62)*(P62>$P$2:$P$2540))+1} -> 4 | R62: =(Q62*100000)+#REF! -> #REF! | S62: {=SUMPRODUCT(($G$2:$G$2540=G62)*(R62>$R$2:$R$2540))+1} -> #REF! | T62: =_xlfn.CONCAT(IF(M62="Flat",UPPER(I62),I62)," ",IF(J62="Evening","†",IF(J62="Floodlit","#",""))) -> KEMPTON PARK # | U62: 0 | V62: South | W62: =YEAR(G62) -> 2023
A63: =IF(YEAR(G63)=2024,#REF!,"") | B63: =IF(YEAR(G63)=2025,#REF!,"") | C63: =J63&G63 -> Afternoon44954 | D63: =IF('by region'!$C$2="Any","Any",'WTX courses'!V232)&M63&IF('by region'!$I$2="Any","Any",N63)&G63 -> AnyFlatAny44954 | E63: =IF(I63=#REF!,'WTX courses'!G232,"") -> #REF! | F63: =G63&S63 -> #REF! | G63: 44954 | H63: Saturday | I63: Lingfield Park | J63: Afternoon | K63: ARC | L63: South | M63: Flat | N63: AWT | O63: Racecourse/Normal | P63: =IF(J63="Afternoon",1,IF(J63="Evening",2,IF(J63="Floodlit",3,4))) -> 1 | Q63: {=SUMPRODUCT(($G$2:$G$2540=G63)*(P63>$P$2:$P$2540))+1} -> 1 | R63: =(Q63*100000)+#REF! -> #REF! | S63: {=SUMPRODUCT(($G$2:$G$2540=G63)*(R63>$R$2:$R$2540))+1} -> #REF! | T63: =_xlfn.CONCAT(IF(M63="Flat",UPPER(I63),I63)," ",IF(J63="Evening","†",IF(J63="Floodlit","#",""))) -> LINGFIELD PARK | U63: 0 | V63: Midlands | W63: =YEAR(G63) -> 2023
A64: =IF(YEAR(G64)=2024,#REF!,"") | B64: =IF(YEAR(G64)=2025,#REF!,"") | C64: =J64&G64 -> Afternoon44954 | D64: =IF('by region'!$C$2="Any","Any",'WTX courses'!V233)&M64&IF('by region'!$I$2="Any","Any",N64)&G64 -> AnyJumpAny44954 | F64: =G64&S64 -> #REF! | G64: 44954 | H64: Saturday | I64: Cheltenham | J64: Afternoon | K64: JCR | L64: Midlands | M64: Jump | N64: Turf | O64: Racecourse/Normal | P64: =IF(J64="Afternoon",1,IF(J64="Evening",2,IF(J64="Floodlit",3,4))) -> 1 | Q64: {=SUMPRODUCT(($G$2:$G$2540=G64)*(P64>$P$2:$P$2540))+1} -> 1 | R64: =(Q64*100000)+#REF! -> #REF! | S64: {=SUMPRODUCT(($G$2:$G$2540=G64)*(R64>$R$2:$R$2540))+1} -> #REF! | T64: =_xlfn.CONCAT(IF(M64="Flat",UPPER(I64),I64)," ",IF(J64="Evening","†",IF(J64="Floodlit","#",""))) -> Cheltenham | U64: 0 | V64: South | W64: =YEAR(G64) -> 2023
A65: =IF(YEAR(G65)=2024,#REF!,"") | B65: =IF(YEAR(G65)=2025,#REF!,"") | C65: =J65&G65 -> Afternoon44954 | D65: =IF('by region'!$C$2="Any","Any",'WTX courses'!V234)&M65&IF('by region'!$I$2="Any","Any",N65)&G65 -> AnyJumpAny44954 | E65: =IF(I65=#REF!,'WTX courses'!G234,"") -> #REF! | F65: =G65&S65 -> #REF! | G65: 44954 | H65: Saturday | I65: Uttoxeter | J65: Afternoon | K65: ARC | L65: Midlands | M65: Jump | N65: Turf | O65: Racecourse/Normal | P65: =IF(J65="Afternoon",1,IF(J65="Evening",2,IF(J65="Floodlit",3,4))) -> 1 | Q65: {=SUMPRODUCT(($G$2:$G$2540=G65)*(P65>$P$2:$P$2540))+1} -> 1 | R65: =(Q65*100000)+#REF! -> #REF! | S65: {=SUMPRODUCT(($G$2:$G$2540=G65)*(R65>$R$2:$R$2540))+1} -> #REF! | T65: =_xlfn.CONCAT(IF(M65="Flat",UPPER(I65),I65)," ",IF(J65="Evening","†",IF(J65="Floodlit","#",""))) -> Uttoxeter | U65: 0 | V65: North | W65: =YEAR(G65) -> 2023
A66: =IF(YEAR(G66)=2024,#REF!,"") | B66: =IF(YEAR(G66)=2025,#REF!,"") | C66: =J66&G66 -> Afternoon44955 | D66: =IF('by region'!$C$2="Any","Any",'WTX courses'!V251)&M66&IF('by region'!$I$2="Any","Any",N66)&G66 -> AnyJumpAny44955 | E66: =IF(I66=#REF!,'WTX courses'!G251,"") -> #REF! | F66: =G66&S66 -> #REF! | G66: 44955 | H66: Sunday | I66: Fontwell Park | J66: Afternoon | K66: ARC | L66: South | M66: Jump | N66: Turf | O66: Racecourse/Normal | P66: =IF(J66="Afternoon",1,IF(J66="Evening",2,IF(J66="Floodlit",3,4))) -> 1 | Q66: {=SUMPRODUCT(($G$2:$G$2540=G66)*(P66>$P$2:$P$2540))+1} -> 1 | R66: =(Q66*100000)+#REF! -> #REF! | S66: {=SUMPRODUCT(($G$2:$G$2540=G66)*(R66>$R$2:$R$2540))+1} -> #REF! | T66: =_xlfn.CONCAT(IF(M66="Flat",UPPER(I66),I66)," ",IF(J66="Evening","†",IF(J66="Floodlit","#",""))) -> Fontwell Park | U66: 0 | V66: Midlands | W66: =YEAR(G66) -> 2023
A67: =IF(YEAR(G67)=2024,#REF!,"") | B67: =IF(YEAR(G67)=2025,#REF!,"") | C67: =J67&G67 -> Afternoon44955 | D67: =IF('by region'!$C$2="Any","Any",'WTX courses'!V252)&M67&IF('by region'!$I$2="Any","Any",N67)&G67 -> AnyJumpAny44955 | E67: =IF(I67=#REF!,'WTX courses'!G252,"") -> #REF! | F67: =G67&S67 -> #REF! | G67: 44955 | H67: Sunday | I67: Sedgefield | J67: Afternoon | K67: ARC | L67: North | M67: Jump | N67: Turf | O67: Racecourse/Normal | P67: =IF(J67="Afternoon",1,IF(J67="Evening",2,IF(J67="Floodlit",3,4))) -> 1 | Q67: {=SUMPRODUCT(($G$2:$G$2540=G67)*(P67>$P$2:$P$2540))+1} -> 1 | R67: =(Q67*100000)+#REF! -> #REF! | S67: {=SUMPRODUCT(($G$2:$G$2540=G67)*(R67>$R$2:$R$2540))+1} -> #REF! | T67: =_xlfn.CONCAT(IF(M67="Flat",UPPER(I67),I67)," ",IF(J67="Evening","†",IF(J67="Floodlit","#",""))) -> Sedgefield | U67: 0 | V67: NULL | W67: =YEAR(G67) -> 2023
A68: =IF(YEAR(G68)=2024,#REF!,"") | B68: =IF(YEAR(G68)=2025,#REF!,"") | C68: =J68&G68 -> Floodlit44956 | D68: =IF('by region'!$C$2="Any","Any",'WTX courses'!V253)&M68&IF('by region'!$I$2="Any","Any",N68)&G68 -> AnyFlatAny44956 | E68: =IF(I68=#REF!,'WTX courses'!G253,"") -> #REF! | F68: =G68&S68 -> #REF! | G68: 44956 | H68: Monday | I68: Wolverhampton | J68: Floodlit | K68: ARC | L68: Midlands | M68: Flat | N68: AWT | O68: Racecourse/Normal | P68: =IF(J68="Afternoon",1,IF(J68="Evening",2,IF(J68="Floodlit",3,4))) -> 3 | Q68: {=SUMPRODUCT(($G$2:$G$2540=G68)*(P68>$P$2:$P$2540))+1} -> 1 | R68: =(Q68*100000)+#REF! -> #REF! | S68: {=SUMPRODUCT(($G$2:$G$2540=G68)*(R68>$R$2:$R$2540))+1} -> #REF! | T68: =_xlfn.CONCAT(IF(M68="Flat",UPPER(I68),I68)," ",IF(J68="Evening","†",IF(J68="Floodlit","#",""))) -> WOLVERHAMPTON # | U68: 0 | V68: NULL | W68: =YEAR(G68) -> 2023
A69: =IF(YEAR(G69)=2024,#REF!,"") | B69: =IF(YEAR(G69)=2025,#REF!,"") | C69: =J69&G69 -> Afternoon44957 | D69: =IF('by region'!$C$2="Any","Any",'WTX courses'!V254)&M69&IF('by region'!$I$2="Any","Any",N69)&G69 -> AnyJumpAny44957 | E69: =IF(I69=#REF!,'WTX courses'!G254,"") -> #REF! | F69: =G69&S69 -> #REF! | G69: 44957 | H69: Tuesday | I69: Ffos Las | J69: Afternoon | K69: ARC | L69: South | M69: Jump | N69: Turf | O69: Racecourse/Normal | P69: =IF(J69="Afternoon",1,IF(J69="Evening",2,IF(J69="Floodlit",3,4))) -> 1 | Q69: {=SUMPRODUCT(($G$2:$G$2540=G69)*(P69>$P$2:$P$2540))+1} -> 1 | R69: =(Q69*100000)+#REF! -> #REF! | S69: {=SUMPRODUCT(($G$2:$G$2540=G69)*(R69>$R$2:$R$2540))+1} -> #REF! | T69: =_xlfn.CONCAT(IF(M69="Flat",UPPER(I69),I69)," ",IF(J69="Evening","†",IF(J69="Floodlit","#",""))) -> Ffos Las | U69: 0 | V69: South | W69: =YEAR(G69) -> 2023
A70: =IF(YEAR(G70)=2024,#REF!,"") | B70: =IF(YEAR(G70)=2025,#REF!,"") | C70: =J70&G70 -> Afternoon44957 | D70: =IF('by region'!$C$2="Any","Any",'WTX courses'!V255)&M70&IF('by region'!$I$2="Any","Any",N70)&G70 -> AnyJumpAny44957 | E70: =IF(I70=#REF!,'WTX courses'!G255,"") -> #REF! | F70: =G70&S70 -> #REF! | G70: 44957 | H70: Tuesday | I70: Newcastle | J70: Afternoon | K70: ARC | L70: North | M70: Jump | N70: Turf | O70: Racecourse/Normal | P70: =IF(J70="Afternoon",1,IF(J70="Evening",2,IF(J70="Floodlit",3,4))) -> 1 | Q70: {=SUMPRODUCT(($G$2:$G$2540=G70)*(P70>$P$2:$P$2540))+1} -> 1 | R70: =(Q70*100000)+#REF! -> #REF! | S70: {=SUMPRODUCT(($G$2:$G$2540=G70)*(R70>$R$2:$R$2540))+1} -> #REF! | T70: =_xlfn.CONCAT(IF(M70="Flat",UPPER(I70),I70)," ",IF(J70="Evening","†",IF(J70="Floodlit","#",""))) -> Newcastle | U70: 0 | V70: Midlands | W70: =YEAR(G70) -> 2023
A71: =IF(YEAR(G71)=2024,#REF!,"") | B71: =IF(YEAR(G71)=2025,#REF!,"") | C71: =J71&G71 -> Floodlit44958 | D71: =IF('by region'!$C$2="Any","Any",'WTX courses'!V256)&M71&IF('by region'!$I$2="Any","Any",N71)&G71 -> AnyFlatAny44958 | E71: =IF(I71=#REF!,'WTX courses'!G256,"") -> #REF! | F71: =G71&S71 -> #REF! | G71: 44958 | H71: Wednesday | I71: Kempton Park | J71: Floodlit | K71: JCR | L71: South | M71: Flat | N71: AWT | O71: National/BHA Floodlit | P71: =IF(J71="Afternoon",1,IF(J71="Evening",2,IF(J71="Floodlit",3,4))) -> 3 | Q71: {=SUMPRODUCT(($G$2:$G$2540=G71)*(P71>$P$2:$P$2540))+1} -> 2 | R71: =(Q71*100000)+#REF! -> #REF! | S71: {=SUMPRODUCT(($G$2:$G$2540=G71)*(R71>$R$2:$R$2540))+1} -> #REF! | T71: =_xlfn.CONCAT(IF(M71="Flat",UPPER(I71),I71)," ",IF(J71="Evening","†",IF(J71="Floodlit","#",""))) -> KEMPTON PARK # | U71: 0 | V71: NULL | W71: =YEAR(G71) -> 2023
A72: =IF(YEAR(G72)=2024,#REF!,"") | B72: =IF(YEAR(G72)=2025,#REF!,"") | C72: =J72&G72 -> Afternoon44958 | D72: =IF('by region'!$C$2="Any","Any",'WTX courses'!V257)&M72&IF('by region'!$I$2="Any","Any",N72)&G72 -> AnyJumpAny44958 | E72: =IF(I72=#REF!,'WTX courses'!G257,"") -> #REF! | F72: =G72&S72 -> #REF! | G72: 44958 | H72: Wednesday | I72: Exeter | J72: Afternoon | K72: JCR | L72: South | M72: Jump | N72: Turf | O72: Racecourse/Normal | P72: =IF(J72="Afternoon",1,IF(J72="Evening",2,IF(J72="Floodlit",3,4))) -> 1 | Q72: {=SUMPRODUCT(($G$2:$G$2540=G72)*(P72>$P$2:$P$2540))+1} -> 1 | R72: =(Q72*100000)+#REF! -> #REF! | S72: {=SUMPRODUCT(($G$2:$G$2540=G72)*(R72>$R$2:$R$2540))+1} -> #REF! | T72: =_xlfn.CONCAT(IF(M72="Flat",UPPER(I72),I72)," ",IF(J72="Evening","†",IF(J72="Floodlit","#",""))) -> Exeter | U72: 0 | V72: NULL | W72: =YEAR(G72) -> 2023
A73: =IF(YEAR(G73)=2024,#REF!,"") | B73: =IF(YEAR(G73)=2025,#REF!,"") | C73: =J73&G73 -> Floodlit44959 | D73: =IF('by region'!$C$2="Any","Any",'WTX courses'!V258)&M73&IF('by region'!$I$2="Any","Any",N73)&G73 -> AnyFlatAny44959 | E73: =IF(I73=#REF!,'WTX courses'!G258,"") -> #REF! | F73: =G73&S73 -> #REF! | G73: 44959 | H73: Thursday | I73: Chelmsford City | J73: Floodlit | K73: Independent | L73: South | M73: Flat | N73: AWT | O73: National/BHA Floodlit | P73: =IF(J73="Afternoon",1,IF(J73="Evening",2,IF(J73="Floodlit",3,4))) -> 3 | Q73: {=SUMPRODUCT(($G$2:$G$2540=G73)*(P73>$P$2:$P$2540))+1} -> 2 | R73: =(Q73*100000)+#REF! -> #REF! | S73: {=SUMPRODUCT(($G$2:$G$2540=G73)*(R73>$R$2:$R$2540))+1} -> #REF! | T73: =_xlfn.CONCAT(IF(M73="Flat",UPPER(I73),I73)," ",IF(J73="Evening","†",IF(J73="Floodlit","#",""))) -> CHELMSFORD CITY # | U73: 0 | V73: NULL | W73: =YEAR(G73) -> 2023
A74: =IF(YEAR(G74)=2024,#REF!,"") | B74: =IF(YEAR(G74)=2025,#REF!,"") | C74: =J74&G74 -> Afternoon44959 | D74: =IF('by region'!$C$2="Any","Any",'WTX courses'!V259)&M74&IF('by region'!$I$2="Any","Any",N74)&G74 -> AnyJumpAny44959 | E74: =IF(I74=#REF!,'WTX courses'!G259,"") -> #REF! | F74: =G74&S74 -> #REF! | G74: 44959 | H74: Thursday | I74: Wincanton | J74: Afternoon | K74: JCR | L74: South | M74: Jump | N74: Turf | O74: Racecourse/Normal | P74: =IF(J74="Afternoon",1,IF(J74="Evening",2,IF(J74="Floodlit",3,4))) -> 1 | Q74: {=SUMPRODUCT(($G$2:$G$2540=G74)*(P74>$P$2:$P$2540))+1} -> 1 | R74: =(Q74*100000)+#REF! -> #REF! | S74: {=SUMPRODUCT(($G$2:$G$2540=G74)*(R74>$R$2:$R$2540))+1} -> #REF! | T74: =_xlfn.CONCAT(IF(M74="Flat",UPPER(I74),I74)," ",IF(J74="Evening","†",IF(J74="Floodlit","#",""))) -> Wincanton | U74: 0 | V74: NULL | W74: =YEAR(G74) -> 2023
A75: =IF(YEAR(G75)=2024,#REF!,"") | B75: =IF(YEAR(G75)=2025,#REF!,"") | C75: =J75&G75 -> Floodlit44960 | D75: =IF('by region'!$C$2="Any","Any",'WTX courses'!V260)&M75&IF('by region'!$I$2="Any","Any",N75)&G75 -> AnyFlatAny44960 | E75: =IF(I75=#REF!,'WTX courses'!G260,"") -> #REF! | F75: =G75&S75 -> #REF! | G75: 44960 | H75: Friday | I75: Newcastle | J75: Floodlit | K75: ARC | L75: North | M75: Flat | N75: AWT | O75: National/BHA Floodlit | P75: =IF(J75="Afternoon",1,IF(J75="Evening",2,IF(J75="Floodlit",3,4))) -> 3 | Q75: {=SUMPRODUCT(($G$2:$G$2540=G75)*(P75>$P$2:$P$2540))+1} -> 3 | R75: =(Q75*100000)+#REF! -> #REF! | S75: {=SUMPRODUCT(($G$2:$G$2540=G75)*(R75>$R$2:$R$2540))+1} -> #REF! | T75: =_xlfn.CONCAT(IF(M75="Flat",UPPER(I75),I75)," ",IF(J75="Evening","†",IF(J75="Floodlit","#",""))) -> NEWCASTLE # | U75: 0 | V75: Midlands | W75: =YEAR(G75) -> 2023
A76: =IF(YEAR(G76)=2024,#REF!,"") | B76: =IF(YEAR(G76)=2025,#REF!,"") | C76: =J76&G76 -> Afternoon44960 | D76: =IF('by region'!$C$2="Any","Any",'WTX courses'!V262)&M76&IF('by region'!$I$2="Any","Any",N76)&G76 -> AnyFlatAny44960 | E76: =IF(I76=#REF!,'WTX courses'!G262,"") -> #REF! | F76: =G76&S76 -> #REF! | G76: 44960 | H76: Friday | I76: Lingfield Park | J76: Afternoon | K76: ARC | L76: South | M76: Flat | N76: AWT | O76: Racecourse/Normal | P76: =IF(J76="Afternoon",1,IF(J76="Evening",2,IF(J76="Floodlit",3,4))) -> 1 | Q76: {=SUMPRODUCT(($G$2:$G$2540=G76)*(P76>$P$2:$P$2540))+1} -> 1 | R76: =(Q76*100000)+#REF! -> #REF! | S76: {=SUMPRODUCT(($G$2:$G$2540=G76)*(R76>$R$2:$R$2540))+1} -> #REF! | T76: =_xlfn.CONCAT(IF(M76="Flat",UPPER(I76),I76)," ",IF(J76="Evening","†",IF(J76="Floodlit","#",""))) -> LINGFIELD PARK | U76: 0 | V76: North | W76: =YEAR(G76) -> 2023
A77: =IF(YEAR(G77)=2024,#REF!,"") | B77: =IF(YEAR(G77)=2025,#REF!,"") | C77: =J77&G77 -> Afternoon44960 | D77: =IF('by region'!$C$2="Any","Any",'WTX courses'!V264)&M77&IF('by region'!$I$2="Any","Any",N77)&G77 -> AnyJumpAny44960 | E77: =IF(I77=#REF!,'WTX courses'!G264,"") -> #REF! | F77: =G77&S77 -> #REF! | G77: 44960 | H77: Friday | I77: Chepstow | J77: Afternoon | K77: ARC | L77: South | M77: Jump | N77: Turf | O77: Racecourse/Normal | P77: =IF(J77="Afternoon",1,IF(J77="Evening",2,IF(J77="Floodlit",3,4))) -> 1 | Q77: {=SUMPRODUCT(($G$2:$G$2540=G77)*(P77>$P$2:$P$2540))+1} -> 1 | R77: =(Q77*100000)+#REF! -> #REF! | S77: {=SUMPRODUCT(($G$2:$G$2540=G77)*(R77>$R$2:$R$2540))+1} -> #REF! | T77: =_xlfn.CONCAT(IF(M77="Flat",UPPER(I77),I77)," ",IF(J77="Evening","†",IF(J77="Floodlit","#",""))) -> Chepstow | U77: 0 | V77: NULL | W77: =YEAR(G77) -> 2023
A78: =IF(YEAR(G78)=2024,#REF!,"") | B78: =IF(YEAR(G78)=2025,#REF!,"") | C78: =J78&G78 -> Floodlit44961 | D78: =IF('by region'!$C$2="Any","Any",'WTX courses'!V265)&M78&IF('by region'!$I$2="Any","Any",N78)&G78 -> AnyFlatAny44961 | E78: =IF(I78=#REF!,'WTX courses'!G265,"") -> #REF! | F78: =G78&S78 -> #REF! | G78: 44961 | H78: Saturday | I78: Kempton Park | J78: Floodlit | K78: JCR | L78: South | M78: Flat | N78: AWT | O78: National/BHA Floodlit | P78: =IF(J78="Afternoon",1,IF(J78="Evening",2,IF(J78="Floodlit",3,4))) -> 3 | Q78: {=SUMPRODUCT(($G$2:$G$2540=G78)*(P78>$P$2:$P$2540))+1} -> 3 | R78: =(Q78*100000)+#REF! -> #REF! | S78: {=SUMPRODUCT(($G$2:$G$2540=G78)*(R78>$R$2:$R$2540))+1} -> #REF! | T78: =_xlfn.CONCAT(IF(M78="Flat",UPPER(I78),I78)," ",IF(J78="Evening","†",IF(J78="Floodlit","#",""))) -> KEMPTON PARK # | U78: 0 | V78: North | W78: =YEAR(G78) -> 2023
A79: =IF(YEAR(G79)=2024,#REF!,"") | B79: =IF(YEAR(G79)=2025,#REF!,"") | C79: =J79&G79 -> Afternoon44961 | D79: =IF('by region'!$C$2="Any","Any",'WTX courses'!V266)&M79&IF('by region'!$I$2="Any","Any",N79)&G79 -> AnyFlatAny44961 | E79: =IF(I79=#REF!,'WTX courses'!G266,"") -> #REF! | F79: =G79&S79 -> #REF! | G79: 44961 | H79: Saturday | I79: Lingfield Park | J79: Afternoon | K79: ARC | L79: South | M79: Flat | N79: AWT | O79: Racecourse/Normal | P79: =IF(J79="Afternoon",1,IF(J79="Evening",2,IF(J79="Floodlit",3,4))) -> 1 | Q79: {=SUMPRODUCT(($G$2:$G$2540=G79)*(P79>$P$2:$P$2540))+1} -> 1 | R79: =(Q79*100000)+#REF! -> #REF! | S79: {=SUMPRODUCT(($G$2:$G$2540=G79)*(R79>$R$2:$R$2540))+1} -> #REF! | T79: =_xlfn.CONCAT(IF(M79="Flat",UPPER(I79),I79)," ",IF(J79="Evening","†",IF(J79="Floodlit","#",""))) -> LINGFIELD PARK | U79: 0 | V79: South | W79: =YEAR(G79) -> 2023
A80: =IF(YEAR(G80)=2024,#REF!,"") | B80: =IF(YEAR(G80)=2025,#REF!,"") | C80: =J80&G80 -> Afternoon44961 | D80: =IF('by region'!$C$2="Any","Any",'WTX courses'!V267)&M80&IF('by region'!$I$2="Any","Any",N80)&G80 -> AnyJumpAny44961 | E80: =IF(I80=#REF!,'WTX courses'!G267,"") -> #REF! | F80: =G80&S80 -> #REF! | G80: 44961 | H80: Saturday | I80: Sandown Park | J80: Afternoon | K80: JCR | L80: South | M80: Jump | N80: Turf | O80: Racecourse/Normal | P80: =IF(J80="Afternoon",1,IF(J80="Evening",2,IF(J80="Floodlit",3,4))) -> 1 | Q80: {=SUMPRODUCT(($G$2:$G$2540=G80)*(P80>$P$2:$P$2540))+1} -> 1 | R80: =(Q80*100000)+#REF! -> #REF! | S80: {=SUMPRODUCT(($G$2:$G$2540=G80)*(R80>$R$2:$R$2540))+1} -> #REF! | T80: =_xlfn.CONCAT(IF(M80="Flat",UPPER(I80),I80)," ",IF(J80="Evening","†",IF(J80="Floodlit","#",""))) -> Sandown Park | U80: 0 | V80: Midlands | W80: =YEAR(G80) -> 2023
A81: =IF(YEAR(G81)=2024,#REF!,"") | B81: =IF(YEAR(G81)=2025,#REF!,"") | C81: =J81&G81 -> Floodlit44963 | D81: =IF('by region'!$C$2="Any","Any",'WTX courses'!V352)&M81&IF('by region'!$I$2="Any","Any",N81)&G81 -> AnyFlatAny44963 | E81: =IF(I81=#REF!,'WTX courses'!G352,"") -> #REF! | F81: =G81&S81 -> #REF! | G81: 44963 | H81: Monday | I81: Wolverhampton | J81: Floodlit | K81: ARC | L81: Midlands | M81: Flat | N81: AWT | O81: Racecourse/Normal | P81: =IF(J81="Afternoon",1,IF(J81="Evening",2,IF(J81="Floodlit",3,4))) -> 3 | Q81: {=SUMPRODUCT(($G$2:$G$2540=G81)*(P81>$P$2:$P$2540))+1} -> 3 | R81: =(Q81*100000)+#REF! -> #REF! | S81: {=SUMPRODUCT(($G$2:$G$2540=G81)*(R81>$R$2:$R$2540))+1} -> #REF! | T81: =_xlfn.CONCAT(IF(M81="Flat",UPPER(I81),I81)," ",IF(J81="Evening","†",IF(J81="Floodlit","#",""))) -> WOLVERHAMPTON # | U81: 0 | V81: Midlands | W81: =YEAR(G81) -> 2023
A82: =IF(YEAR(G82)=2024,#REF!,"") | B82: =IF(YEAR(G82)=2025,#REF!,"") | C82: =J82&G82 -> Afternoon44963 | D82: =IF('by region'!$C$2="Any","Any",'WTX courses'!V353)&M82&IF('by region'!$I$2="Any","Any",N82)&G82 -> AnyJumpAny44963 | E82: =IF(I82=#REF!,'WTX courses'!G353,"") -> #REF! | F82: =G82&S82 -> #REF! | G82: 44963 | H82: Monday | I82: Carlisle | J82: Afternoon | K82: JCR | L82: North | M82: Jump | N82: Turf | O82: Racecourse/Normal | P82: =IF(J82="Afternoon",1,IF(J82="Evening",2,IF(J82="Floodlit",3,4))) -> 1 | Q82: {=SUMPRODUCT(($G$2:$G$2540=G82)*(P82>$P$2:$P$2540))+1} -> 1 | R82: =(Q82*100000)+#REF! -> #REF! | S82: {=SUMPRODUCT(($G$2:$G$2540=G82)*(R82>$R$2:$R$2540))+1} -> #REF! | T82: =_xlfn.CONCAT(IF(M82="Flat",UPPER(I82),I82)," ",IF(J82="Evening","†",IF(J82="Floodlit","#",""))) -> Carlisle | U82: 0 | V82: NULL | W82: =YEAR(G82) -> 2023
A83: =IF(YEAR(G83)=2024,#REF!,"") | B83: =IF(YEAR(G83)=2025,#REF!,"") | C83: =J83&G83 -> Afternoon44963 | D83: =IF('by region'!$C$2="Any","Any",'WTX courses'!V355)&M83&IF('by region'!$I$2="Any","Any",N83)&G83 -> AnyJumpAny44963 | E83: =IF(I83=#REF!,'WTX courses'!G355,"") -> #REF! | F83: =G83&S83 -> #REF! | G83: 44963 | H83: Monday | I83: Fontwell Park | J83: Afternoon | K83: ARC | L83: South | M83: Jump | N83: Turf | O83: Racecourse/Normal | P83: =IF(J83="Afternoon",1,IF(J83="Evening",2,IF(J83="Floodlit",3,4))) -> 1 | Q83: {=SUMPRODUCT(($G$2:$G$2540=G83)*(P83>$P$2:$P$2540))+1} -> 1 | R83: =(Q83*100000)+#REF! -> #REF! | S83: {=SUMPRODUCT(($G$2:$G$2540=G83)*(R83>$R$2:$R$2540))+1} -> #REF! | T83: =_xlfn.CONCAT(IF(M83="Flat",UPPER(I83),I83)," ",IF(J83="Evening","†",IF(J83="Floodlit","#",""))) -> Fontwell Park | U83: 0 | V83: South | W83: =YEAR(G83) -> 2023
A84: =IF(YEAR(G84)=2024,#REF!,"") | B84: =IF(YEAR(G84)=2025,#REF!,"") | C84: =J84&G84 -> Afternoon44964 | D84: =IF('by region'!$C$2="Any","Any",'WTX courses'!V356)&M84&IF('by region'!$I$2="Any","Any",N84)&G84 -> AnyJumpAny44964 | E84: =IF(I84=#REF!,'WTX courses'!G356,"") -> #REF! | F84: =G84&S84 -> #REF! | G84: 44964 | H84: Tuesday | I84: Market Rasen | J84: Afternoon | K84: JCR | L84: Midlands | M84: Jump | N84: Turf | O84: Racecourse/Normal | P84: =IF(J84="Afternoon",1,IF(J84="Evening",2,IF(J84="Floodlit",3,4))) -> 1 | Q84: {=SUMPRODUCT(($G$2:$G$2540=G84)*(P84>$P$2:$P$2540))+1} -> 1 | R84: =(Q84*100000)+#REF! -> #REF! | S84: {=SUMPRODUCT(($G$2:$G$2540=G84)*(R84>$R$2:$R$2540))+1} -> #REF! | T84: =_xlfn.CONCAT(IF(M84="Flat",UPPER(I84),I84)," ",IF(J84="Evening","†",IF(J84="Floodlit","#",""))) -> Market Rasen | U84: 0 | V84: Midlands | W84: =YEAR(G84) -> 2023
A85: =IF(YEAR(G85)=2024,#REF!,"") | B85: =IF(YEAR(G85)=2025,#REF!,"") | C85: =J85&G85 -> Floodlit44965 | D85: =IF('by region'!$C$2="Any","Any",'WTX courses'!V357)&M85&IF('by region'!$I$2="Any","Any",N85)&G85 -> AnyFlatAny44965 | E85: =IF(I85=#REF!,'WTX courses'!G357,"") -> #REF! | F85: =G85&S85 -> #REF! | G85: 44965 | H85: Wednesday | I85: Kempton Park | J85: Floodlit | K85: JCR | L85: South | M85: Flat | N85: AWT | O85: National/BHA Floodlit | P85: =IF(J85="Afternoon",1,IF(J85="Evening",2,IF(J85="Floodlit",3,4))) -> 3 | Q85: {=SUMPRODUCT(($G$2:$G$2540=G85)*(P85>$P$2:$P$2540))+1} -> 2 | R85: =(Q85*100000)+#REF! -> #REF! | S85: {=SUMPRODUCT(($G$2:$G$2540=G85)*(R85>$R$2:$R$2540))+1} -> #REF! | T85: =_xlfn.CONCAT(IF(M85="Flat",UPPER(I85),I85)," ",IF(J85="Evening","†",IF(J85="Floodlit","#",""))) -> KEMPTON PARK # | U85: 0 | V85: South | W85: =YEAR(G85) -> 2023
A86: =IF(YEAR(G86)=2024,#REF!,"") | B86: =IF(YEAR(G86)=2025,#REF!,"") | C86: =J86&G86 -> Afternoon44965 | D86: =IF('by region'!$C$2="Any","Any",'WTX courses'!V359)&M86&IF('by region'!$I$2="Any","Any",N86)&G86 -> AnyJumpAny44965 | E86: =IF(I86=#REF!,'WTX courses'!G359,"") -> #REF! | F86: =G86&S86 -> #REF! | G86: 44965 | H86: Wednesday | I86: Sedgefield | J86: Afternoon | K86: ARC | L86: North | M86: Jump | N86: Turf | O86: Racecourse/Normal | P86: =IF(J86="Afternoon",1,IF(J86="Evening",2,IF(J86="Floodlit",3,4))) -> 1 | Q86: {=SUMPRODUCT(($G$2:$G$2540=G86)*(P86>$P$2:$P$2540))+1} -> 1 | R86: =(Q86*100000)+#REF! -> #REF! | S86: {=SUMPRODUCT(($G$2:$G$2540=G86)*(R86>$R$2:$R$2540))+1} -> #REF! | T86: =_xlfn.CONCAT(IF(M86="Flat",UPPER(I86),I86)," ",IF(J86="Evening","†",IF(J86="Floodlit","#",""))) -> Sedgefield | U86: 0 | V86: South | W86: =YEAR(G86) -> 2023
A87: =IF(YEAR(G87)=2024,#REF!,"") | B87: =IF(YEAR(G87)=2025,#REF!,"") | C87: =J87&G87 -> Floodlit44966 | D87: =IF('by region'!$C$2="Any","Any",'WTX courses'!V360)&M87&IF('by region'!$I$2="Any","Any",N87)&G87 -> AnyFlatAny44966 | E87: =IF(I87=#REF!,'WTX courses'!G360,"") -> #REF! | F87: =G87&S87 -> #REF! | G87: 44966 | H87: Thursday | I87: Newcastle | J87: Floodlit | K87: ARC | L87: North | M87: Flat | N87: AWT | O87: National/BHA Floodlit | P87: =IF(J87="Afternoon",1,IF(J87="Evening",2,IF(J87="Floodlit",3,4))) -> 3 | Q87: {=SUMPRODUCT(($G$2:$G$2540=G87)*(P87>$P$2:$P$2540))+1} -> 3 | R87: =(Q87*100000)+#REF! -> #REF! | S87: {=SUMPRODUCT(($G$2:$G$2540=G87)*(R87>$R$2:$R$2540))+1} -> #REF! | T87: =_xlfn.CONCAT(IF(M87="Flat",UPPER(I87),I87)," ",IF(J87="Evening","†",IF(J87="Floodlit","#",""))) -> NEWCASTLE # | U87: 1 | V87: Midlands | W87: =YEAR(G87) -> 2023
A88: =IF(YEAR(G88)=2024,#REF!,"") | B88: =IF(YEAR(G88)=2025,#REF!,"") | C88: =J88&G88 -> Afternoon44966 | D88: =IF('by region'!$C$2="Any","Any",'WTX courses'!V362)&M88&IF('by region'!$I$2="Any","Any",N88)&G88 -> AnyJumpAny44966 | E88: =IF(I88=#REF!,'WTX courses'!G362,"") -> #REF! | F88: =G88&S88 -> #REF! | G88: 44966 | H88: Thursday | I88: Ffos Las | J88: Afternoon | K88: ARC | L88: South | M88: Jump | N88: Turf | O88: Racecourse/Normal | P88: =IF(J88="Afternoon",1,IF(J88="Evening",2,IF(J88="Floodlit",3,4))) -> 1 | Q88: {=SUMPRODUCT(($G$2:$G$2540=G88)*(P88>$P$2:$P$2540))+1} -> 1 | R88: =(Q88*100000)+#REF! -> #REF! | S88: {=SUMPRODUCT(($G$2:$G$2540=G88)*(R88>$R$2:$R$2540))+1} -> #REF! | T88: =_xlfn.CONCAT(IF(M88="Flat",UPPER(I88),I88)," ",IF(J88="Evening","†",IF(J88="Floodlit","#",""))) -> Ffos Las | U88: 1 | V88: Midlands | W88: =YEAR(G88) -> 2023
A89: =IF(YEAR(G89)=2024,#REF!,"") | B89: =IF(YEAR(G89)=2025,#REF!,"") | C89: =J89&G89 -> Afternoon44966 | D89: =IF('by region'!$C$2="Any","Any",'WTX courses'!V364)&M89&IF('by region'!$I$2="Any","Any",N89)&G89 -> AnyJumpAny44966 | E89: =IF(I89=#REF!,'WTX courses'!G364,"") -> #REF! | F89: =G89&S89 -> #REF! | G89: 44966 | H89: Thursday | I89: Huntingdon | J89: Afternoon | K89: JCR | L89: Midlands | M89: Jump | N89: Turf | O89: Racecourse/Normal | P89: =IF(J89="Afternoon",1,IF(J89="Evening",2,IF(J89="Floodlit",3,4))) -> 1 | Q89: {=SUMPRODUCT(($G$2:$G$2540=G89)*(P89>$P$2:$P$2540))+1} -> 1 | R89: =(Q89*100000)+#REF! -> #REF! | S89: {=SUMPRODUCT(($G$2:$G$2540=G89)*(R89>$R$2:$R$2540))+1} -> #REF! | T89: =_xlfn.CONCAT(IF(M89="Flat",UPPER(I89),I89)," ",IF(J89="Evening","†",IF(J89="Floodlit","#",""))) -> Huntingdon | U89: 0 | V89: Midlands | W89: =YEAR(G89) -> 2023
A90: =IF(YEAR(G90)=2024,#REF!,"") | B90: =IF(YEAR(G90)=2025,#REF!,"") | C90: =J90&G90 -> Floodlit44967 | D90: =IF('by region'!$C$2="Any","Any",'WTX courses'!V365)&M90&IF('by region'!$I$2="Any","Any",N90)&G90 -> AnyFlatAny44967 | E90: =IF(I90=#REF!,'WTX courses'!G365,"") -> #REF! | F90: =G90&S90 -> #REF! | G90: 44967 | H90: Friday | I90: Chelmsford City | J90: Floodlit | K90: Independent | L90: South | M90: Flat | N90: AWT | O90: National/BHA Floodlit | P90: =IF(J90="Afternoon",1,IF(J90="Evening",2,IF(J90="Floodlit",3,4))) -> 3 | Q90: {=SUMPRODUCT(($G$2:$G$2540=G90)*(P90>$P$2:$P$2540))+1} -> 3 | R90: =(Q90*100000)+#REF! -> #REF! | S90: {=SUMPRODUCT(($G$2:$G$2540=G90)*(R90>$R$2:$R$2540))+1} -> #REF! | T90: =_xlfn.CONCAT(IF(M90="Flat",UPPER(I90),I90)," ",IF(J90="Evening","†",IF(J90="Floodlit","#",""))) -> CHELMSFORD CITY # | U90: 0 | V90: South | W90: =YEAR(G90) -> 2023
A91: =IF(YEAR(G91)=2024,#REF!,"") | B91: =IF(YEAR(G91)=2025,#REF!,"") | C91: =J91&G91 -> Afternoon44967 | D91: =IF('by region'!$C$2="Any","Any",'WTX courses'!V366)&M91&IF('by region'!$I$2="Any","Any",N91)&G91 -> AnyJumpAny44967 | E91: =IF(I91=#REF!,'WTX courses'!G366,"") -> #REF! | F91: =G91&S91 -> #REF! | G91: 44967 | H91: Friday | I91: Bangor-On-Dee | J91: Afternoon | K91: Independent | L91: Midlands | M91: Jump | N91: Turf | O91: Racecourse/Normal | P91: =IF(J91="Afternoon",1,IF(J91="Evening",2,IF(J91="Floodlit",3,4))) -> 1 | Q91: {=SUMPRODUCT(($G$2:$G$2540=G91)*(P91>$P$2:$P$2540))+1} -> 1 | R91: =(Q91*100000)+#REF! -> #REF! | S91: {=SUMPRODUCT(($G$2:$G$2540=G91)*(R91>$R$2:$R$2540))+1} -> #REF! | T91: =_xlfn.CONCAT(IF(M91="Flat",UPPER(I91),I91)," ",IF(J91="Evening","†",IF(J91="Floodlit","#",""))) -> Bangor-On-Dee | U91: 0 | V91: Midlands | W91: =YEAR(G91) -> 2023
A92: =IF(YEAR(G92)=2024,#REF!,"") | B92: =IF(YEAR(G92)=2025,#REF!,"") | C92: =J92&G92 -> Afternoon44967 | D92: =IF('by region'!$C$2="Any","Any",'WTX courses'!V368)&M92&IF('by region'!$I$2="Any","Any",N92)&G92 -> AnyJumpAny44967 | E92: =IF(I92=#REF!,'WTX courses'!G368,"") -> #REF! | F92: =G92&S92 -> #REF! | G92: 44967 | H92: Friday | I92: Kempton Park | J92: Afternoon | K92: JCR | L92: South | M92: Jump | N92: Turf | O92: Racecourse/Normal | P92: =IF(J92="Afternoon",1,IF(J92="Evening",2,IF(J92="Floodlit",3,4))) -> 1 | Q92: {=SUMPRODUCT(($G$2:$G$2540=G92)*(P92>$P$2:$P$2540))+1} -> 1 | R92: =(Q92*100000)+#REF! -> #REF! | S92: {=SUMPRODUCT(($G$2:$G$2540=G92)*(R92>$R$2:$R$2540))+1} -> #REF! | T92: =_xlfn.CONCAT(IF(M92="Flat",UPPER(I92),I92)," ",IF(J92="Evening","†",IF(J92="Floodlit","#",""))) -> Kempton Park | U92: 0 | V92: North | W92: =YEAR(G92) -> 2023
